,Market_Size,Trust_in_Strangers,Signal_Reading,Trust_Rate,Cooperating_Agents,Trust_in_Neighbors,Trust_in_Newcomers
0,0.373,0.31196581196581197,0.4930320916464074,0.575,0.613,0.6555023923444976,0.273972602739726
1,0.325,0.3056179775280899,0.4867854487372363,0.58,0.61,0.6444444444444445,0.2953020134228188
2,0.331,0.29571106094808125,0.4794751030763646,0.581,0.611,0.6427503736920778,0.2631578947368421
3,0.347,0.268348623853211,0.4489336920875271,0.57,0.581,0.655436447166922,0.271523178807947
4,0.369,0.2577777777777778,0.43467691066316083,0.564,0.59,0.6545166402535658,0.26973684210526316
5,0.386,0.2808988764044944,0.4453929910370697,0.584,0.579,0.6905537459283387,0.304
6,0.361,0.25675675675675674,0.43170265621748366,0.578,0.591,0.6697965571205008,0.25
7,0.342,0.298876404494382,0.42931450876196653,0.594,0.61,0.6641337386018237,0.27611940298507465
8,0.337,0.28738317757009346,0.4126098942494741,0.588,0.619,0.6847662141779789,0.3157894736842105
9,0.336,0.2388758782201405,0.43195907633513525,0.552,0.596,0.6445783132530121,0.23255813953488372
10,0.371,0.2793791574279379,0.44261899175643826,0.574,0.595,0.6534181240063593,0.2553191489361702
11,0.358,0.3163716814159292,0.4597743092523795,0.59,0.582,0.6635514018691588,0.2826086956521739
12,0.359,0.27429805615550756,0.47732709820463426,0.569,0.57,0.6645865834633385,0.2898550724637681
13,0.336,0.3054945054945055,0.46857117519555413,0.574,0.561,0.6445783132530121,0.32450331125827814
14,0.329,0.2744186046511628,0.4770907016536116,0.563,0.552,0.6318926974664679,0.2318840579710145
15,0.362,0.28725701943844495,0.4659878058913507,0.564,0.55,0.6379310344827587,0.28859060402684567
16,0.36,0.2570806100217865,0.48160322824285756,0.546,0.565,0.6328125,0.2536231884057971
17,0.346,0.23620309050772628,0.4826820667275254,0.546,0.578,0.6269113149847095,0.21014492753623187
18,0.364,0.23965141612200436,0.4741412118014252,0.536,0.59,0.6257861635220126,0.21481481481481482
19,0.357,0.2631578947368421,0.46725525575492854,0.589,0.601,0.6905132192846034,0.23636363636363636
20,0.358,0.24708624708624707,0.4840767729515163,0.572,0.626,0.6433021806853583,0.21374045801526717
21,0.348,0.28440366972477066,0.505835731491811,0.58,0.616,0.6579754601226994,0.24031007751937986
22,0.362,0.3347826086956522,0.5057677145817786,0.595,0.606,0.700626959247649,0.36551724137931035
23,0.351,0.32387706855791965,0.5202805104803585,0.597,0.594,0.7026194144838213,0.37719298245614036
24,0.355,0.3474178403755869,0.5103013744785297,0.603,0.608,0.6744186046511628,0.3247863247863248
25,0.365,0.35514018691588783,0.5222708511000856,0.602,0.574,0.6724409448818898,0.3389830508474576
26,0.355,0.3696682464454976,0.4951829614766561,0.606,0.596,0.6713178294573643,0.32231404958677684
27,0.364,0.33640552995391704,0.49578920929792414,0.582,0.6,0.6540880503144654,0.33613445378151263
28,0.39,0.2748267898383372,0.492229918468338,0.555,0.572,0.6704918032786885,0.3302752293577982
29,0.377,0.28153153153153154,0.48070859133672716,0.562,0.556,0.6581059390048154,0.2564102564102564
30,0.387,0.2549450549450549,0.5098560368257552,0.543,0.598,0.6411092985318108,0.23134328358208955
31,0.368,0.27593818984547464,0.5126000088157302,0.546,0.593,0.6392405063291139,0.24031007751937986
32,0.395,0.28542094455852157,0.48265737942249415,0.529,0.581,0.6099173553719008,0.25547445255474455
33,0.393,0.2782608695652174,0.47151204276477826,0.544,0.589,0.6309719934102141,0.22608695652173913
34,0.395,0.26991150442477874,0.47085977712548616,0.563,0.585,0.6694214876033058,0.20754716981132076
35,0.394,0.2668112798264642,0.4830855898583037,0.552,0.589,0.6518151815181518,0.3
36,0.4,0.2769556025369979,0.4747039822415082,0.554,0.585,0.6616666666666666,0.2523364485981308
37,0.401,0.2927835051546392,0.4884853230311777,0.55,0.604,0.6494156928213689,0.2926829268292683
38,0.376,0.2851153039832285,0.4994358919114722,0.552,0.599,0.6442307692307693,0.30656934306569344
39,0.369,0.31069958847736623,0.5172225584144873,0.581,0.649,0.6640253565768621,0.275
40,0.379,0.29606625258799174,0.5096951769125662,0.546,0.649,0.607085346215781,0.24516129032258063
41,0.415,0.3008130081300813,0.4985612882469139,0.561,0.647,0.6735042735042736,0.2585034013605442
42,0.409,0.3045267489711934,0.4962345062397604,0.556,0.618,0.6582064297800339,0.3228346456692913
43,0.418,0.294238683127572,0.5227301640917764,0.54,0.601,0.6443298969072165,0.31092436974789917
44,0.388,0.31185031185031187,0.5253268380712539,0.549,0.592,0.6225490196078431,0.30578512396694213
45,0.381,0.30620985010706636,0.5361868441165987,0.561,0.61,0.6332794830371568,0.24166666666666667
46,0.361,0.30786516853932583,0.532723434218691,0.562,0.586,0.6400625978090767,0.2677165354330709
47,0.395,0.2891304347826087,0.524395226502648,0.559,0.583,0.6677685950413224,0.29838709677419356
48,0.383,0.2923076923076923,0.5139698742171045,0.553,0.587,0.6450567260940032,0.2698412698412698
49,0.374,0.2727272727272727,0.5165059025049493,0.546,0.601,0.6485623003194888,0.2773722627737226
50,0.378,0.3190045248868778,0.49926158434773854,0.564,0.595,0.6463022508038585,0.3333333333333333
51,0.372,0.3171247357293869,0.49029446861615317,0.559,0.618,0.6305732484076433,0.2876712328767123
52,0.379,0.27253668763102723,0.48561293539773975,0.546,0.621,0.6376811594202898,0.24475524475524477
53,0.387,0.29835390946502055,0.4819899186926856,0.556,0.638,0.6460032626427407,0.29375
54,0.371,0.2873051224944321,0.4772276057588982,0.584,0.633,0.7027027027027027,0.2923076923076923
55,0.36,0.294811320754717,0.4611787836888303,0.601,0.64,0.70625,0.2845528455284553
56,0.339,0.30022075055187636,0.4676189208993342,0.578,0.628,0.6475037821482602,0.3
57,0.36,0.29508196721311475,0.4778622477523319,0.584,0.601,0.6765625,0.3629032258064516
58,0.358,0.2887323943661972,0.48118286077408934,0.597,0.607,0.6806853582554517,0.31683168316831684
59,0.374,0.30376940133037694,0.48202892429612215,0.575,0.614,0.6533546325878594,0.32
60,0.362,0.2757009345794392,0.4829126065134093,0.583,0.624,0.6833855799373041,0.2564102564102564
61,0.388,0.27941176470588236,0.49710700039303474,0.545,0.64,0.6454248366013072,0.2765957446808511
62,0.34,0.26558891454965355,0.49946036001234767,0.569,0.618,0.656060606060606,0.25757575757575757
63,0.353,0.2311212814645309,0.4909740844328038,0.566,0.623,0.652241112828439,0.20300751879699247
64,0.351,0.2529002320185615,0.49372158233897406,0.565,0.611,0.6348228043143297,0.2222222222222222
65,0.349,0.2550335570469799,0.4879616228385639,0.559,0.601,0.6359447004608295,0.23357664233576642
66,0.365,0.2280334728033473,0.4872822407768313,0.512,0.595,0.6,0.22297297297297297
67,0.366,0.24,0.48703712323748527,0.54,0.559,0.6419558359621451,0.2288135593220339
68,0.376,0.25210084033613445,0.49160781292159594,0.535,0.546,0.6153846153846154,0.2047244094488189
69,0.364,0.2642369020501139,0.49935334337558995,0.555,0.546,0.6792452830188679,0.2719298245614035
70,0.361,0.26666666666666666,0.515830736526889,0.543,0.535,0.6197183098591549,0.32
71,0.372,0.2824601366742597,0.5162392747407837,0.558,0.571,0.6464968152866242,0.3305084745762712
72,0.34,0.30885529157667385,0.5288381266132137,0.565,0.592,0.6348484848484849,0.3248407643312102
73,0.379,0.34210526315789475,0.5344635863004269,0.578,0.592,0.6489533011272142,0.2814814814814815
74,0.387,0.3254310344827586,0.52761529426079,0.57,0.616,0.6492659053833605,0.24817518248175183
75,0.4,0.300796812749004,0.5170313598658354,0.542,0.599,0.64,0.2565789473684211
76,0.384,0.3199195171026157,0.5099685364700643,0.57,0.605,0.6655844155844156,0.31690140845070425
77,0.355,0.27872340425531916,0.5328588306196863,0.546,0.588,0.6186046511627907,0.25517241379310346
78,0.383,0.3036876355748373,0.547149878323276,0.556,0.595,0.6320907617504052,0.2805755395683453
79,0.35,0.28635346756152125,0.5543766492117093,0.547,0.596,0.6169230769230769,0.216
80,0.365,0.3333333333333333,0.5609044599015056,0.571,0.605,0.631496062992126,0.24603174603174602
81,0.346,0.3409090909090909,0.5503403977009975,0.587,0.624,0.6559633027522935,0.2714285714285714
82,0.363,0.33111111111111113,0.5672947275587913,0.575,0.627,0.6562009419152276,0.24615384615384617
83,0.362,0.3224400871459695,0.555843231468511,0.561,0.626,0.6332288401253918,0.26811594202898553
84,0.39,0.3574468085106383,0.5597049023658042,0.582,0.642,0.6573770491803279,0.34265734265734266
85,0.348,0.33726415094339623,0.5554691393474396,0.604,0.62,0.6978527607361963,0.3418803418803419
86,0.337,0.30493273542600896,0.5367960776204505,0.584,0.621,0.665158371040724,0.2971014492753623
87,0.347,0.2982062780269058,0.5377780968206509,0.572,0.605,0.6768759571209801,0.3
88,0.358,0.30296127562642367,0.5371362237456131,0.559,0.602,0.6246105919003115,0.2595419847328244
89,0.358,0.29977628635346754,0.5446437327976901,0.552,0.571,0.6230529595015576,0.2878787878787879
90,0.339,0.2860310421286031,0.5334494625585163,0.542,0.589,0.6232980332829047,0.2357142857142857
91,0.348,0.2860520094562648,0.5334441660947024,0.566,0.601,0.6487730061349694,0.2857142857142857
92,0.338,0.2837209302325581,0.5270724635003488,0.558,0.615,0.6178247734138973,0.25
93,0.342,0.29439252336448596,0.5205459493680555,0.563,0.64,0.6246200607902735,0.2421875
94,0.36,0.289532293986637,0.5052306645410704,0.546,0.597,0.6328125,0.2569444444444444
95,0.374,0.3078602620087336,0.5128854197155598,0.568,0.597,0.6597444089456869,0.3263888888888889
96,0.371,0.309255079006772,0.5235436209510851,0.588,0.603,0.6772655007949125,0.2644628099173554
97,0.37,0.31497797356828194,0.5113855510680974,0.578,0.596,0.6714285714285714,0.3283582089552239
98,0.367,0.31343283582089554,0.5121133721454098,0.564,0.605,0.6334913112164297,0.3092105263157895
99,0.364,0.30625,0.4946024639183996,0.558,0.623,0.6257861635220126,0.2549019607843137
100,0.399,0.2731182795698925,0.47193205032067026,0.571,0.606,0.6722129783693843,0.2196969696969697
101,0.383,0.2771855010660981,0.48676416739870615,0.563,0.615,0.6547811993517018,0.2047244094488189
102,0.422,0.30128205128205127,0.4895254475201219,0.573,0.634,0.6868512110726643,0.24770642201834864
103,0.416,0.2930327868852459,0.5066018428516946,0.546,0.618,0.6386986301369864,0.2601626016260163
104,0.377,0.25256673511293637,0.49702725899644984,0.529,0.608,0.637239165329053,0.19852941176470587
105,0.353,0.2890792291220557,0.4847830462145439,0.566,0.61,0.6676970633693973,0.3283582089552239
106,0.369,0.28761061946902655,0.47773221490202067,0.564,0.586,0.659270998415214,0.3220338983050847
107,0.381,0.28270042194092826,0.47297432887647733,0.558,0.58,0.6478190630048465,0.2992125984251969
108,0.391,0.2769556025369979,0.47724987116681405,0.548,0.562,0.6223316912972086,0.24390243902439024
109,0.367,0.2641509433962264,0.46910670102834306,0.538,0.558,0.631911532385466,0.296875
110,0.352,0.26057906458797325,0.4639112577070456,0.557,0.559,0.6620370370370371,0.27049180327868855
111,0.346,0.27601809954751133,0.47731689258673227,0.564,0.543,0.636085626911315,0.2366412213740458
112,0.367,0.22494432071269488,0.4795654362729582,0.543,0.542,0.6382306477093207,0.19834710743801653
113,0.366,0.2905405405405405,0.4704569694817388,0.571,0.565,0.6735015772870663,0.30434782608695654
114,0.346,0.2647058823529412,0.4664910975647401,0.572,0.554,0.6605504587155964,0.25396825396825395
115,0.351,0.29528535980148884,0.48362647153611066,0.595,0.571,0.6702619414483821,0.30392156862745096
116,0.33,0.2731707317073171,0.48629446844343394,0.586,0.598,0.6716417910447762,0.30833333333333335
117,0.358,0.25170068027210885,0.47802225312603863,0.564,0.595,0.6557632398753894,0.2556390977443609
118,0.335,0.26715686274509803,0.4609460662402805,0.571,0.589,0.6526315789473685,0.28695652173913044
119,0.335,0.2727272727272727,0.4705757750687469,0.566,0.617,0.643609022556391,0.2777777777777778
120,0.325,0.2505643340857788,0.4732686490529783,0.537,0.619,0.6044444444444445,0.21656050955414013
121,0.348,0.28028503562945367,0.46306421368342354,0.56,0.615,0.6380368098159509,0.26356589147286824
122,0.347,0.25121951219512195,0.4337565749322218,0.565,0.621,0.664624808575804,0.21311475409836064
123,0.329,0.26506024096385544,0.4226558996340126,0.582,0.609,0.669150521609538,0.22137404580152673
124,0.332,0.2637889688249401,0.42205523832624314,0.593,0.607,0.6826347305389222,0.1774193548387097
125,0.322,0.26904761904761904,0.41768711180208795,0.599,0.615,0.6755162241887905,0.2518518518518518
126,0.317,0.24401913875598086,0.4242166135641328,0.583,0.606,0.6822840409956076,0.2158273381294964
127,0.337,0.24532710280373832,0.43229359170347587,0.575,0.613,0.6726998491704375,0.23741007194244604
128,0.314,0.2185929648241206,0.44658019663853615,0.581,0.599,0.6705539358600583,0.19298245614035087
129,0.32,0.23573200992555832,0.4456092819998827,0.591,0.604,0.6838235294117647,0.23387096774193547
130,0.339,0.2447058823529412,0.4537114760080273,0.57,0.595,0.6550680786686838,0.2222222222222222
131,0.344,0.26879271070615035,0.44791010099320455,0.583,0.595,0.6570121951219512,0.2878787878787879
132,0.318,0.27014218009478674,0.4532885535657937,0.582,0.601,0.6686217008797654,0.28225806451612906
133,0.293,0.27923627684964203,0.45226505848556026,0.591,0.621,0.652050919377652,0.3014705882352941
134,0.291,0.2647754137115839,0.44279630559408534,0.587,0.63,0.6657263751763046,0.2532467532467532
135,0.327,0.26932668329177056,0.45321651106125466,0.591,0.601,0.6731054977711739,0.2558139534883721
136,0.305,0.2707317073170732,0.4580303025182989,0.597,0.594,0.6748201438848921,0.27205882352941174
137,0.343,0.25121951219512195,0.46677733698004714,0.597,0.605,0.7031963470319634,0.2459016393442623
138,0.353,0.25842696629213485,0.49303703814294286,0.571,0.622,0.6568778979907264,0.2236842105263158
139,0.311,0.29128440366972475,0.46965998128601594,0.567,0.621,0.6298984034833092,0.30128205128205127
140,0.323,0.2483221476510067,0.4771105937992267,0.554,0.632,0.6425406203840472,0.27741935483870966
141,0.332,0.24885844748858446,0.4761212061076966,0.548,0.625,0.6347305389221557,0.23648648648648649
142,0.331,0.30260047281323876,0.479186115188049,0.596,0.616,0.680119581464873,0.2740740740740741
143,0.358,0.3183856502242152,0.48504888081728315,0.601,0.632,0.6978193146417445,0.3120567375886525
144,0.354,0.3041575492341357,0.48287555730101506,0.571,0.627,0.6455108359133127,0.2684563758389262
145,0.388,0.2973568281938326,0.4801401210671504,0.572,0.628,0.6519607843137255,0.32231404958677684
146,0.378,0.3197424892703863,0.47311971542986875,0.569,0.617,0.635048231511254,0.3089430894308943
147,0.356,0.2807017543859649,0.4643205009440515,0.564,0.597,0.6506211180124224,0.29365079365079366
148,0.379,0.28153153153153154,0.46899017771424883,0.57,0.61,0.6618357487922706,0.2631578947368421
149,0.364,0.31136363636363634,0.4880265937722164,0.573,0.605,0.6572327044025157,0.33035714285714285
150,0.385,0.30158730158730157,0.4942890562290962,0.577,0.619,0.6813008130081301,0.3125
151,0.358,0.31116389548693585,0.47478733441579285,0.597,0.598,0.6884735202492211,0.33962264150943394
152,0.396,0.271264367816092,0.48237766656320125,0.574,0.622,0.6788079470198676,0.2647058823529412
153,0.353,0.26048565121412803,0.471768466069518,0.551,0.614,0.6537867078825348,0.25225225225225223
154,0.394,0.25158562367864695,0.47359817907381924,0.533,0.602,0.6435643564356436,0.21487603305785125
155,0.354,0.23758099352051837,0.46837669729042,0.537,0.591,0.6331269349845201,0.176056338028169
156,0.314,0.2448512585812357,0.4726586198011623,0.566,0.592,0.6501457725947521,0.2328767123287671
157,0.375,0.29691211401425177,0.5075149422019638,0.589,0.624,0.6896,0.297029702970297
158,0.325,0.3261390887290168,0.5146464010894019,0.597,0.626,0.6607407407407407,0.2894736842105263
159,0.349,0.3333333333333333,0.5027385543121548,0.594,0.624,0.6774193548387096,0.3464052287581699
160,0.318,0.3087248322147651,0.5000108398060995,0.592,0.627,0.6730205278592375,0.35333333333333333
161,0.372,0.3268398268398268,0.5109361559636451,0.584,0.626,0.6687898089171974,0.34394904458598724
162,0.344,0.2958057395143488,0.49665268694593034,0.582,0.605,0.6600609756097561,0.25333333333333335
163,0.333,0.31712962962962965,0.5019107915331823,0.587,0.604,0.656671664167916,0.2595419847328244
164,0.315,0.2976190476190476,0.5170847388844181,0.57,0.597,0.6437956204379562,0.2867647058823529
165,0.332,0.2897196261682243,0.5129309375751641,0.582,0.612,0.6586826347305389,0.2624113475177305
166,0.338,0.2975,0.5241750809905045,0.599,0.603,0.676737160120846,0.25
167,0.366,0.31063829787234043,0.5295894661023879,0.562,0.585,0.6340694006309149,0.29878048780487804
168,0.385,0.310838445807771,0.5153958777850179,0.564,0.581,0.6048780487804878,0.25280898876404495
169,0.388,0.3417190775681342,0.5207192057417488,0.555,0.564,0.6241830065359477,0.26875
170,0.396,0.3167701863354037,0.5145331327144952,0.542,0.578,0.6307947019867549,0.2838709677419355
171,0.413,0.3138075313807531,0.5072350146717448,0.556,0.6,0.666098807495741,0.2824427480916031
172,0.418,0.29978586723768735,0.5323563164345355,0.557,0.588,0.6374570446735395,0.2358490566037736
173,0.395,0.3130252100840336,0.5497381735410565,0.557,0.606,0.6528925619834711,0.24107142857142858
174,0.416,0.31717171717171716,0.5433877033243691,0.542,0.61,0.625,0.256
175,0.405,0.33263598326359833,0.5273288413020603,0.568,0.596,0.6504201680672269,0.2926829268292683
176,0.438,0.27983539094650206,0.5249687162505049,0.534,0.578,0.6370106761565836,0.24074074074074073
177,0.435,0.30165289256198347,0.5168489372434947,0.569,0.572,0.679646017699115,0.25742574257425743
178,0.433,0.29568788501026694,0.5158008051272021,0.542,0.594,0.6296296296296297,0.23255813953488372
179,0.391,0.2974683544303797,0.5132546187381063,0.551,0.611,0.6403940886699507,0.25
180,0.397,0.31092436974789917,0.5301416781119538,0.577,0.628,0.6782752902155887,0.33043478260869563
181,0.407,0.3014256619144603,0.5343976512740642,0.553,0.62,0.6458684654300169,0.23387096774193547
182,0.4,0.2857142857142857,0.5444299719046712,0.532,0.653,0.62,0.2781954887218045
183,0.419,0.3089108910891089,0.5375245186524735,0.55,0.628,0.6419965576592083,0.29927007299270075
184,0.364,0.3240556660039761,0.5309281305769907,0.541,0.615,0.5990566037735849,0.23225806451612904
185,0.375,0.3172690763052209,0.5275216076046222,0.542,0.6,0.6112,0.25949367088607594
186,0.401,0.3404255319148936,0.5220693971965639,0.564,0.609,0.6393989983305509,0.26277372262773724
187,0.397,0.3403805496828753,0.5241164028360007,0.558,0.591,0.6567164179104478,0.3488372093023256
188,0.417,0.33263157894736844,0.5196755446450733,0.569,0.581,0.6466552315608919,0.3050847457627119
189,0.41,0.3444676409185804,0.5096109543690673,0.579,0.584,0.6593220338983051,0.28225806451612906
190,0.399,0.33468559837728196,0.5131067140403662,0.574,0.584,0.6589018302828619,0.2809917355371901
191,0.402,0.2923728813559322,0.4936955867235218,0.568,0.559,0.6806020066889632,0.30434782608695654
192,0.391,0.29313929313929316,0.48765382746259067,0.562,0.575,0.6732348111658456,0.3157894736842105
193,0.361,0.29653679653679654,0.4804237553535247,0.574,0.583,0.6635367762128326,0.3023255813953488
194,0.352,0.29350104821802936,0.4691543461272212,0.566,0.593,0.6450617283950617,0.2662337662337662
195,0.356,0.2754880694143167,0.4637348675033179,0.568,0.594,0.6739130434782609,0.24503311258278146
196,0.355,0.3068181818181818,0.4698856451565587,0.574,0.615,0.6465116279069767,0.25
197,0.352,0.26229508196721313,0.4572478433844379,0.58,0.596,0.683641975308642,0.20491803278688525
198,0.34,0.29534883720930233,0.4636619778131776,0.594,0.619,0.6757575757575758,0.24369747899159663
199,0.34,0.23234624145785876,0.465255865383183,0.554,0.621,0.6545454545454545,0.24427480916030533
200,0.372,0.2765957446808511,0.45655618194380226,0.559,0.604,0.660828025477707,0.2605633802816901
201,0.34,0.2857142857142857,0.45326359052268184,0.567,0.614,0.65,0.24050632911392406
202,0.374,0.3029661016949153,0.4620397162038409,0.571,0.612,0.6613418530351438,0.26143790849673204
203,0.361,0.2777777777777778,0.47153142749134747,0.56,0.618,0.6431924882629108,0.1986754966887417
204,0.35,0.29475982532751094,0.47964959488684833,0.577,0.645,0.6676923076923077,0.2517482517482518
205,0.345,0.29646017699115046,0.47325759876904416,0.585,0.625,0.6610687022900763,0.2361111111111111
206,0.35,0.2844638949671772,0.4707041688910235,0.58,0.613,0.6676923076923077,0.24475524475524477
207,0.354,0.32494279176201374,0.48373740294389656,0.607,0.579,0.6888544891640866,0.36
208,0.356,0.30734966592427615,0.4848894485619516,0.569,0.587,0.6459627329192547,0.3
209,0.339,0.3090507726269316,0.47642047093931694,0.569,0.602,0.6520423600605144,0.3082191780821918
210,0.337,0.32574031890660593,0.4686071966636009,0.589,0.597,0.6621417797888386,0.2937062937062937
211,0.347,0.308411214953271,0.4646609673639688,0.583,0.585,0.663093415007657,0.26153846153846155
212,0.332,0.29453681710213775,0.46033498161320524,0.583,0.581,0.6736526946107785,0.2463768115942029
213,0.33,0.27014218009478674,0.48060525424664324,0.57,0.585,0.6716417910447762,0.26356589147286824
214,0.32,0.26941747572815533,0.48439434752854665,0.576,0.584,0.6617647058823529,0.3089430894308943
215,0.332,0.2745995423340961,0.48169113804737623,0.573,0.58,0.6437125748502994,0.24475524475524477
216,0.292,0.27577937649880097,0.48601181416336875,0.573,0.581,0.6299435028248588,0.2765957446808511
217,0.302,0.2285012285012285,0.48126273765403604,0.558,0.609,0.6532951289398281,0.18243243243243243
218,0.311,0.22705314009661837,0.46938659279929323,0.56,0.594,0.6226415094339622,0.12244897959183673
219,0.31,0.25181598062953997,0.4646612099477247,0.569,0.593,0.6420289855072464,0.19858156028368795
220,0.355,0.2608695652173913,0.45941654504012874,0.568,0.597,0.6682170542635659,0.21014492753623187
221,0.345,0.2222222222222222,0.4470760208191339,0.541,0.584,0.6305343511450382,0.14925373134328357
222,0.349,0.25301204819277107,0.4409561938257116,0.583,0.604,0.685099846390169,0.23214285714285715
223,0.346,0.29128440366972475,0.43331782505147826,0.592,0.625,0.6559633027522935,0.2465753424657534
224,0.32,0.279445727482679,0.4246666171209748,0.583,0.623,0.663235294117647,0.310126582278481
225,0.325,0.2707317073170732,0.42337375453404363,0.602,0.617,0.7007407407407408,0.26356589147286824
226,0.353,0.2716627634660422,0.43108166921960517,0.586,0.613,0.6831530139103554,0.2786885245901639
227,0.311,0.2867647058823529,0.4171240180628595,0.598,0.608,0.6763425253991292,0.24615384615384617
228,0.344,0.24455205811138014,0.4147385741930529,0.595,0.596,0.7012195121951219,0.2109375
229,0.351,0.25653206650831356,0.4180969232350958,0.587,0.6,0.6779661016949152,0.21311475409836064
230,0.375,0.2608695652173913,0.43015602419181986,0.574,0.603,0.6832,0.2782608695652174
231,0.372,0.2757009345794392,0.44566535276851577,0.58,0.611,0.6767515923566879,0.21153846153846154
232,0.365,0.2540045766590389,0.4631300030428794,0.556,0.619,0.6377952755905512,0.1885245901639344
233,0.354,0.2561247216035635,0.46584409613205596,0.564,0.628,0.6578947368421053,0.21014492753623187
234,0.37,0.27450980392156865,0.4509519719000816,0.553,0.612,0.6349206349206349,0.26865671641791045
235,0.377,0.3163972286374134,0.45459294983422455,0.585,0.6,0.695024077046549,0.3805309734513274
236,0.366,0.2835164835164835,0.46909774820037553,0.569,0.626,0.6293375394321766,0.28368794326241137
237,0.373,0.27111111111111114,0.47949255885279596,0.568,0.633,0.6666666666666666,0.28346456692913385
238,0.392,0.2793791574279379,0.4807178462641096,0.565,0.62,0.6398026315789473,0.3125
239,0.362,0.2958057395143488,0.48740595923267127,0.568,0.64,0.6426332288401254,0.29457364341085274
240,0.356,0.28603603603603606,0.4895430892895618,0.575,0.614,0.6801242236024845,0.2713178294573643
241,0.361,0.27954545454545454,0.4804476382554853,0.578,0.625,0.6776212832550861,0.3064516129032258
242,0.389,0.28540305010893247,0.48226231962310356,0.568,0.606,0.6579378068739771,0.3014705882352941
243,0.408,0.31950207468879666,0.476779914189719,0.581,0.605,0.668918918918919,0.3146853146853147
244,0.39,0.31788079470198677,0.48441315221411735,0.601,0.583,0.7032786885245902,0.2711864406779661
245,0.384,0.27802690582959644,0.4820735679097448,0.577,0.6,0.6883116883116883,0.26785714285714285
246,0.368,0.2804123711340206,0.4774393155320878,0.55,0.625,0.6170886075949367,0.25
247,0.381,0.2647058823529412,0.47542763429539875,0.538,0.607,0.6558966074313409,0.2765957446808511
248,0.364,0.26124197002141325,0.4849838554471455,0.554,0.619,0.6682389937106918,0.29927007299270075
249,0.389,0.28105906313645623,0.4952219545317366,0.56,0.616,0.6661211129296236,0.2949640287769784
250,0.367,0.2781316348195329,0.4872788214791594,0.537,0.622,0.6129541864139021,0.2945205479452055
251,0.355,0.3010752688172043,0.491320730008339,0.574,0.615,0.6666666666666666,0.31343283582089554
252,0.373,0.2900232018561485,0.49302674692846415,0.571,0.6,0.6507177033492823,0.288
253,0.336,0.296551724137931,0.49441895461437935,0.579,0.59,0.6671686746987951,0.32867132867132864
254,0.365,0.28337236533957844,0.46551078469305845,0.564,0.574,0.6519685039370079,0.3360655737704918
255,0.346,0.2802690582959641,0.4742318450020914,0.566,0.574,0.6651376146788991,0.3188405797101449
256,0.383,0.2752688172043011,0.46883197906834745,0.546,0.586,0.6450567260940032,0.3157894736842105
257,0.351,0.2585812356979405,0.48737729685339815,0.55,0.586,0.6533127889060092,0.25
258,0.346,0.3058252427184466,0.492884257696304,0.579,0.599,0.6636085626911316,0.2909090909090909
259,0.356,0.2914798206278027,0.4812653234230264,0.561,0.567,0.6583850931677019,0.3142857142857143
260,0.364,0.28354978354978355,0.4798985124910532,0.556,0.56,0.6666666666666666,0.29931972789115646
261,0.357,0.2930648769574944,0.48925726061913705,0.564,0.583,0.6500777604976672,0.26865671641791045
262,0.356,0.25555555555555554,0.4762255426349295,0.553,0.604,0.6506211180124224,0.2366412213740458
263,0.377,0.2611607142857143,0.4835688605287971,0.566,0.57,0.6837881219903692,0.29838709677419356
264,0.355,0.24703087885985747,0.49117150533694676,0.566,0.581,0.6697674418604651,0.2777777777777778
265,0.347,0.2803532008830022,0.4862923448094775,0.566,0.581,0.6355283307810107,0.2647058823529412
266,0.35,0.2962138084632517,0.49382752786508227,0.568,0.575,0.64,0.28368794326241137
267,0.362,0.2494279176201373,0.4813222053413829,0.556,0.568,0.6551724137931034,0.2619047619047619
268,0.368,0.24611973392461198,0.47985130032960954,0.538,0.577,0.6234177215189873,0.24812030075187969
269,0.355,0.2441860465116279,0.48922409909145403,0.548,0.553,0.6496124031007752,0.28205128205128205
270,0.36,0.26291079812206575,0.49315496376514445,0.561,0.562,0.640625,0.21551724137931033
271,0.341,0.2616822429906542,0.48256649091086296,0.554,0.551,0.622154779969651,0.216
272,0.362,0.26157407407407407,0.4749451059803621,0.56,0.55,0.6379310344827587,0.17647058823529413
273,0.359,0.2562358276643991,0.48019653145078134,0.568,0.545,0.6614664586583463,0.23893805309734514
274,0.389,0.24203821656050956,0.4900403294957133,0.535,0.543,0.6366612111292962,0.25
275,0.385,0.2484076433121019,0.49988274518115455,0.533,0.572,0.6260162601626016,0.2222222222222222
276,0.369,0.2708333333333333,0.49863411368257876,0.538,0.554,0.6307448494453248,0.26865671641791045
277,0.364,0.28665207877461707,0.47961682602496647,0.554,0.573,0.6367924528301887,0.224
278,0.37,0.2634989200863931,0.47154512976571356,0.539,0.546,0.6285714285714286,0.22388059701492538
279,0.353,0.28314606741573034,0.4663793693798841,0.577,0.572,0.6846986089644513,0.2805755395683453
280,0.369,0.2920353982300885,0.4590011604883257,0.568,0.601,0.6386687797147385,0.2366412213740458
281,0.328,0.2785388127853881,0.4431818013582817,0.568,0.61,0.6666666666666666,0.2867132867132867
282,0.388,0.26741573033707866,0.4604527866960014,0.563,0.614,0.6715686274509803,0.2809917355371901
283,0.346,0.2678983833718245,0.46572311903966535,0.559,0.618,0.6483180428134556,0.29310344827586204
284,0.349,0.25842696629213485,0.46864035279950844,0.569,0.612,0.6697388632872504,0.2727272727272727
285,0.323,0.2962962962962963,0.47608580494379843,0.608,0.589,0.6883308714918759,0.35344827586206895
286,0.31,0.31343283582089554,0.46755056729288585,0.602,0.617,0.672463768115942,0.33043478260869563
287,0.327,0.29156626506024097,0.45347392976529804,0.609,0.628,0.6924219910846954,0.2878787878787879
288,0.287,0.2765432098765432,0.45667313347270994,0.607,0.62,0.6830294530154277,0.2867132867132867
289,0.311,0.2657894736842105,0.4474732671078651,0.617,0.61,0.7169811320754716,0.2564102564102564
290,0.282,0.27638190954773867,0.4506728848687094,0.611,0.607,0.6880222841225627,0.2789115646258503
291,0.289,0.24,0.4589554171227699,0.594,0.595,0.6779184247538678,0.21830985915492956
292,0.302,0.27403846153846156,0.45901771723113816,0.584,0.597,0.6590257879656161,0.23943661971830985
293,0.318,0.2632850241545894,0.4638430283352525,0.582,0.58,0.6671554252199413,0.2158273381294964
294,0.311,0.2803030303030303,0.4651953898605193,0.578,0.561,0.6342525399129173,0.25190839694656486
295,0.319,0.27450980392156865,0.45888396997185465,0.591,0.575,0.6740088105726872,0.3013698630136986
296,0.342,0.2511520737327189,0.46705945125651327,0.561,0.585,0.6595744680851063,0.25735294117647056
297,0.33,0.2773892773892774,0.4600359920160525,0.563,0.594,0.6402985074626866,0.3409090909090909
298,0.334,0.25,0.45861012364811826,0.55,0.588,0.6426426426426426,0.2868217054263566
299,0.334,0.24465558194774348,0.4701884134630914,0.56,0.579,0.6636636636636637,0.2809917355371901
300,0.323,0.259825327510917,0.47470637331986876,0.542,0.584,0.6144756277695717,0.2692307692307692
301,0.34,0.2675736961451247,0.4570654895532264,0.564,0.628,0.6454545454545455,0.2569444444444444
302,0.321,0.2686230248306998,0.4593701477404882,0.565,0.627,0.6421207658321061,0.25161290322580643
303,0.352,0.2636363636363636,0.4502713900962797,0.551,0.612,0.6450617283950617,0.24427480916030533
304,0.358,0.25854700854700857,0.45487343388962387,0.539,0.618,0.6230529595015576,0.1917808219178082
305,0.323,0.24278846153846154,0.48806945793000306,0.56,0.622,0.6440177252584933,0.21875
306,0.338,0.2536945812807882,0.49858167311193863,0.561,0.617,0.6450151057401813,0.23622047244094488
307,0.331,0.27951807228915665,0.5028266627285937,0.576,0.593,0.648729446935725,0.2733812949640288
308,0.338,0.3,0.4823433799801514,0.578,0.607,0.6676737160120846,0.3111111111111111
309,0.332,0.2822966507177033,0.4798650028998785,0.578,0.607,0.6541916167664671,0.27906976744186046
310,0.349,0.28365384615384615,0.4735393949307823,0.58,0.598,0.674347158218126,0.27927927927927926
311,0.326,0.2529832935560859,0.47789234105107825,0.564,0.609,0.6498516320474778,0.2727272727272727
312,0.332,0.24249422632794457,0.46765493782546,0.558,0.584,0.6392215568862275,0.2835820895522388
313,0.338,0.2906178489702517,0.4443943928088037,0.599,0.583,0.6978851963746223,0.31343283582089554
314,0.379,0.3013392857142857,0.4390707640923563,0.572,0.596,0.6570048309178744,0.2781954887218045
315,0.379,0.2399103139013453,0.4329386225875174,0.556,0.578,0.6602254428341385,0.18803418803418803
316,0.367,0.2047930283224401,0.4300758276508794,0.54,0.574,0.6429699842022117,0.17164179104477612
317,0.365,0.203125,0.4248267356601882,0.535,0.588,0.6236220472440945,0.12295081967213115
318,0.352,0.21345707656612528,0.43306925535285506,0.539,0.593,0.6404320987654321,0.1875
319,0.335,0.28054298642533937,0.43815305154277895,0.581,0.596,0.6466165413533834,0.2413793103448276
320,0.333,0.2847380410022779,0.45291654857426417,0.574,0.617,0.6551724137931034,0.2463768115942029
321,0.34,0.2744186046511628,0.47184087545074466,0.581,0.626,0.6848484848484848,0.2727272727272727
322,0.36,0.2971698113207547,0.481520338886569,0.594,0.607,0.6765625,0.23931623931623933
323,0.343,0.2847682119205298,0.48458427109819263,0.569,0.627,0.639269406392694,0.27007299270072993
324,0.341,0.2803532008830022,0.4846444095308175,0.579,0.633,0.6767830045523521,0.26811594202898553
325,0.349,0.29534883720930233,0.46733121273914285,0.594,0.641,0.6820276497695853,0.2457627118644068
326,0.341,0.2737819025522042,0.4740412825107595,0.585,0.624,0.6737481031866465,0.24193548387096775
327,0.38,0.2929936305732484,0.47219417249199686,0.567,0.596,0.6532258064516129,0.2876712328767123
328,0.335,0.26956521739130435,0.47247373716253127,0.548,0.603,0.643609022556391,0.30666666666666664
329,0.356,0.2853932584269663,0.47744195343007517,0.57,0.614,0.6428571428571429,0.2765957446808511
330,0.33,0.31353919239904987,0.4942558699577113,0.595,0.625,0.6701492537313433,0.304
331,0.362,0.3120728929384966,0.49442603015642717,0.583,0.621,0.664576802507837,0.2748091603053435
332,0.348,0.319634703196347,0.5014163232420722,0.572,0.608,0.651840490797546,0.3181818181818182
333,0.332,0.32701421800947866,0.4941076569170492,0.584,0.578,0.6646706586826348,0.34210526315789475
334,0.33,0.3042505592841163,0.47479678287649585,0.558,0.585,0.6283582089552239,0.3246753246753247
335,0.341,0.28110599078341014,0.48068395394620844,0.582,0.593,0.6570561456752656,0.25517241379310346
336,0.339,0.2829736211031175,0.47638870363710817,0.595,0.596,0.6822995461422088,0.2972972972972973
337,0.347,0.25675675675675674,0.46948440139293585,0.563,0.603,0.6339969372128637,0.22388059701492538
338,0.354,0.2958057395143488,0.4516985411067339,0.578,0.58,0.6408668730650154,0.30714285714285716
339,0.337,0.2803532008830022,0.4460047517474161,0.572,0.593,0.6561085972850679,0.2708333333333333
340,0.347,0.23580786026200873,0.4404104720623253,0.551,0.59,0.6569678407350689,0.2185430463576159
341,0.344,0.25112107623318386,0.43859528251616575,0.547,0.602,0.6402439024390244,0.2638888888888889
342,0.358,0.23741007194244604,0.4206317864941424,0.56,0.577,0.6651090342679128,0.20175438596491227
343,0.319,0.23766816143497757,0.40993960924465794,0.557,0.595,0.6431718061674009,0.22297297297297297
344,0.32,0.2540792540792541,0.40633733225648255,0.569,0.597,0.6323529411764706,0.20279720279720279
345,0.305,0.23940149625935161,0.4208411168118033,0.583,0.594,0.6633093525179856,0.1889763779527559
346,0.326,0.21897810218978103,0.4125032864229498,0.57,0.594,0.6661721068249258,0.20155038759689922
347,0.318,0.24178403755868544,0.42253488560719,0.57,0.626,0.6671554252199413,0.2620689655172414
348,0.323,0.2536945812807882,0.4298182313522277,0.591,0.62,0.6779911373707533,0.24615384615384617
349,0.32,0.23404255319148937,0.43656823001208156,0.565,0.619,0.6661764705882353,0.26277372262773724
350,0.337,0.2625570776255708,0.45206565905078483,0.572,0.609,0.6425339366515838,0.2348993288590604
351,0.347,0.2851063829787234,0.44556204743189476,0.56,0.603,0.655436447166922,0.2916666666666667
352,0.355,0.27044025157232704,0.44348192105589523,0.552,0.586,0.6527131782945736,0.2883435582822086
353,0.334,0.2529002320185615,0.44616409510400673,0.564,0.606,0.6486486486486487,0.1925925925925926
354,0.323,0.25304136253041365,0.44523340807398076,0.576,0.578,0.6691285081240768,0.24031007751937986
355,0.348,0.26034063260340634,0.47002617818820863,0.58,0.595,0.656441717791411,0.18181818181818182
356,0.331,0.28045977011494255,0.49728211208325557,0.57,0.606,0.6457399103139013,0.22058823529411764
357,0.318,0.2733644859813084,0.5050283995303505,0.57,0.593,0.6510263929618768,0.2585034013605442
358,0.351,0.30120481927710846,0.4999425129351846,0.599,0.644,0.6671802773497689,0.26717557251908397
359,0.342,0.2921615201900237,0.4872656851518592,0.578,0.611,0.668693009118541,0.29365079365079366
360,0.334,0.28935185185185186,0.4875431378053388,0.566,0.617,0.6291291291291291,0.2857142857142857
361,0.343,0.2768878718535469,0.4966108616851319,0.558,0.592,0.6438356164383562,0.28
362,0.371,0.2670940170940171,0.48760208308522374,0.54,0.569,0.6406995230524642,0.2808219178082192
363,0.376,0.2591792656587473,0.48254339294422766,0.521,0.554,0.6073717948717948,0.2248062015503876
364,0.356,0.2778993435448578,0.4704142702336293,0.538,0.581,0.6350931677018633,0.25
365,0.362,0.3148558758314856,0.478781004022763,0.566,0.586,0.6473354231974922,0.3157894736842105
366,0.336,0.2835820895522388,0.4725891645830075,0.547,0.578,0.6265060240963856,0.31875
367,0.376,0.26963906581740976,0.46401705960495565,0.538,0.558,0.6394230769230769,0.2808219178082192
368,0.337,0.25757575757575757,0.4750412822846596,0.548,0.55,0.6425339366515838,0.20666666666666667
369,0.339,0.2570806100217865,0.481295793290951,0.534,0.562,0.6096822995461422,0.22758620689655173
370,0.376,0.24295010845986983,0.47142163873401316,0.526,0.567,0.6137820512820513,0.1925925925925926
371,0.368,0.2537634408602151,0.4742193109687523,0.529,0.574,0.6123417721518988,0.16901408450704225
372,0.371,0.26004228329809725,0.48705308204611214,0.533,0.574,0.6200317965023847,0.22627737226277372
373,0.383,0.27765726681127983,0.4973453166522581,0.546,0.601,0.640194489465154,0.2682926829268293
374,0.356,0.2853881278538813,0.5022599782704599,0.567,0.568,0.6692546583850931,0.3008849557522124
375,0.356,0.31291028446389496,0.5114925808444047,0.568,0.606,0.6304347826086957,0.31343283582089554
376,0.363,0.34444444444444444,0.5076213588968572,0.579,0.584,0.6624803767660911,0.3546099290780142
377,0.365,0.2588495575221239,0.5090356947194054,0.528,0.595,0.6220472440944882,0.21481481481481482
378,0.346,0.26,0.5121036074037482,0.547,0.612,0.6529051987767585,0.2647058823529412
379,0.338,0.2789115646258503,0.5056635899068602,0.569,0.598,0.6601208459214502,0.3014705882352941
380,0.351,0.26419213973799127,0.5300912715526711,0.562,0.617,0.6533127889060092,0.2484472049689441
381,0.38,0.2678185745140389,0.5413338016946458,0.562,0.63,0.646774193548387,0.2907801418439716
382,0.36,0.2786516853932584,0.5305584203443644,0.563,0.59,0.640625,0.26356589147286824
383,0.355,0.27713625866050806,0.5214189413307331,0.553,0.588,0.6046511627906976,0.208
384,0.371,0.2937062937062937,0.5290086127999065,0.562,0.564,0.6661367249602543,0.308411214953271
385,0.373,0.2967032967032967,0.5264124982832379,0.542,0.583,0.6076555023923444,0.3153846153846154
386,0.368,0.2847380410022779,0.5232484953572698,0.558,0.571,0.6424050632911392,0.3217391304347826
387,0.348,0.3127962085308057,0.5316621003561727,0.574,0.602,0.6457055214723927,0.3211009174311927
388,0.367,0.2838137472283814,0.5307388475571925,0.546,0.568,0.6192733017377567,0.3023255813953488
389,0.388,0.2905982905982906,0.54577758782458,0.558,0.565,0.6454248366013072,0.2196969696969697
390,0.37,0.3282275711159737,0.5562615591287489,0.561,0.578,0.6238095238095238,0.2661290322580645
391,0.376,0.3,0.5407021431892772,0.553,0.567,0.6298076923076923,0.27350427350427353
392,0.368,0.32222222222222224,0.5249095402355473,0.568,0.584,0.6598101265822784,0.38571428571428573
393,0.343,0.3404761904761905,0.5340286050500288,0.605,0.548,0.6575342465753424,0.33035714285714285
394,0.361,0.3318077803203661,0.5347734688400335,0.583,0.565,0.6588419405320813,0.34615384615384615
395,0.339,0.3101851851851852,0.5232842751602129,0.556,0.553,0.632375189107413,0.3076923076923077
396,0.365,0.2540045766590389,0.5218247947774314,0.534,0.553,0.6299212598425197,0.232
397,0.344,0.2806236080178174,0.513341961723208,0.532,0.534,0.614329268292683,0.3221476510067114
398,0.358,0.2555066079295154,0.5144915252051373,0.524,0.541,0.6074766355140186,0.2733812949640288
399,0.375,0.27232142857142855,0.495973318397977,0.534,0.545,0.6368,0.25735294117647056
400,0.389,0.23927765237020315,0.5090845522894589,0.532,0.55,0.6333878887070377,0.1968503937007874
401,0.358,0.25427350427350426,0.4987196972683135,0.523,0.56,0.6043613707165109,0.2348993288590604
402,0.345,0.2757847533632287,0.4892437180606264,0.55,0.582,0.6305343511450382,0.2868217054263566
403,0.342,0.2517162471395881,0.4887405133515234,0.55,0.573,0.6246200607902735,0.21774193548387097
404,0.365,0.26,0.4934874454277841,0.558,0.59,0.6488188976377953,0.24603174603174602
405,0.359,0.2980132450331126,0.4766414115201191,0.567,0.602,0.6677067082683308,0.3181818181818182
406,0.351,0.31938325991189426,0.48000794200011676,0.568,0.596,0.6394453004622496,0.2857142857142857
407,0.352,0.28665207877461707,0.4689670071875012,0.556,0.599,0.6234567901234568,0.24675324675324675
408,0.353,0.2345132743362832,0.4654973615001769,0.538,0.57,0.6290571870170015,0.19863013698630136
409,0.372,0.234375,0.47141863133174844,0.544,0.567,0.6401273885350318,0.183206106870229
410,0.4,0.2894168466522678,0.49598172295185017,0.538,0.577,0.6166666666666667,0.21804511278195488
411,0.382,0.2606837606837607,0.5008191376951715,0.531,0.589,0.6359223300970874,0.2535211267605634
412,0.382,0.27672955974842767,0.5020335174647554,0.553,0.578,0.6537216828478964,0.3014705882352941
413,0.411,0.3168724279835391,0.5007208858826229,0.567,0.562,0.6638370118845501,0.34306569343065696
414,0.39,0.31020408163265306,0.5014241392994871,0.569,0.55,0.6704918032786885,0.3488372093023256
415,0.41,0.29116465863453816,0.481297780638274,0.553,0.549,0.6474576271186441,0.291970802919708
416,0.407,0.28598848368522073,0.4950043712369917,0.536,0.564,0.6290050590219224,0.25
417,0.39,0.3237113402061856,0.5185422616088922,0.547,0.545,0.6131147540983607,0.23728813559322035
418,0.375,0.3382663847780127,0.5160844533751993,0.569,0.546,0.6368,0.3
419,0.357,0.3148148148148148,0.530482838757913,0.572,0.555,0.6609642301710731,0.32142857142857145
420,0.362,0.2986425339366516,0.5381752881755579,0.558,0.55,0.6410658307210031,0.3504273504273504
421,0.423,0.28348214285714285,0.5149378494159713,0.552,0.555,0.6793760831889082,0.3263157894736842
422,0.372,0.25601750547045954,0.49736784586881466,0.544,0.537,0.6385350318471338,0.2767857142857143
423,0.364,0.2488986784140969,0.4963038713024779,0.542,0.565,0.639937106918239,0.2777777777777778
424,0.367,0.23820224719101124,0.5022164552799172,0.54,0.564,0.6334913112164297,0.23684210526315788
425,0.373,0.2511013215859031,0.5008774012076784,0.522,0.591,0.6108452950558214,0.2777777777777778
426,0.396,0.29777777777777775,0.49909016378758747,0.554,0.585,0.6572847682119205,0.30973451327433627
427,0.365,0.2975391498881432,0.5013823928260441,0.56,0.598,0.6551181102362205,0.31092436974789917
428,0.363,0.31291028446389496,0.4846061832015125,0.564,0.605,0.6389324960753532,0.30985915492957744
429,0.351,0.29464285714285715,0.4989037169107505,0.575,0.612,0.6702619414483821,0.3089430894308943
430,0.36,0.2860310421286031,0.49607552817262046,0.56,0.589,0.640625,0.2558139534883721
431,0.354,0.30686695278969955,0.5021273012264819,0.564,0.602,0.6455108359133127,0.28378378378378377
432,0.367,0.3181818181818182,0.510823614736329,0.573,0.599,0.6461295418641391,0.2847222222222222
433,0.373,0.3405639913232104,0.5175391170243686,0.576,0.615,0.6539074960127592,0.3023255813953488
434,0.349,0.31929046563192903,0.5073345499945527,0.57,0.597,0.6466973886328725,0.31851851851851853
435,0.356,0.2984749455337691,0.5026367791396975,0.561,0.579,0.6366459627329193,0.3108108108108108
436,0.377,0.31856540084388185,0.506730050639138,0.564,0.568,0.6243980738362761,0.2733812949640288
437,0.378,0.3076923076923077,0.5180904907756163,0.586,0.604,0.6913183279742765,0.27884615384615385
438,0.366,0.3092105263157895,0.5046379516984119,0.567,0.596,0.6419558359621451,0.2647058823529412
439,0.406,0.3083511777301927,0.5023803865484268,0.559,0.62,0.6430976430976431,0.21428571428571427
440,0.386,0.3410041841004184,0.5079778293619631,0.566,0.607,0.6351791530944625,0.30714285714285716
441,0.375,0.34841628959276016,0.514549218257714,0.589,0.611,0.6704,0.3017241379310345
442,0.388,0.33406113537117904,0.5191441277699274,0.572,0.589,0.6519607843137255,0.2845528455284553
443,0.375,0.32599118942731276,0.5301598512651899,0.554,0.595,0.6176,0.2966101694915254
444,0.368,0.3282608695652174,0.5165825521803292,0.576,0.631,0.6677215189873418,0.3025210084033613
445,0.384,0.2939914163090129,0.5209730107444239,0.567,0.608,0.6558441558441559,0.28205128205128205
446,0.451,0.32577319587628867,0.5404977686457894,0.564,0.628,0.6648451730418944,0.2972972972972973
447,0.393,0.29130434782608694,0.5280316613087084,0.564,0.63,0.6836902800658978,0.325
448,0.39,0.2881002087682672,0.5278357174532173,0.534,0.616,0.6163934426229508,0.32061068702290074
449,0.389,0.29227557411273486,0.5251059292975248,0.555,0.581,0.662847790507365,0.25
450,0.413,0.27800829875518673,0.5104073491842123,0.547,0.569,0.6473594548551959,0.2920353982300885
451,0.392,0.29295154185022027,0.49980686635562627,0.57,0.583,0.6743421052631579,0.28431372549019607
452,0.379,0.29321663019693656,0.49730741249681315,0.572,0.61,0.6731078904991948,0.2767857142857143
453,0.367,0.28761061946902655,0.483650374721704,0.562,0.62,0.665086887835703,0.256
454,0.341,0.3051224944320713,0.48410598918380116,0.577,0.588,0.6464339908952959,0.2846715328467153
455,0.338,0.2638888888888889,0.47179241136392785,0.574,0.61,0.6691842900302115,0.25165562913907286
456,0.344,0.2564705882352941,0.47696077619676625,0.571,0.611,0.6692073170731707,0.24475524475524477
457,0.35,0.26291079812206575,0.47744705083855,0.566,0.621,0.6476923076923077,0.20930232558139536
458,0.34,0.24824355971896955,0.46798894977162303,0.552,0.614,0.646969696969697,0.22950819672131148
459,0.33,0.2833333333333333,0.4614159808651819,0.596,0.615,0.6850746268656717,0.2764227642276423
460,0.345,0.2910284463894967,0.4755584489703005,0.585,0.621,0.6732824427480916,0.28125
461,0.32,0.3115124153498871,0.48463907217129065,0.602,0.641,0.675,0.26811594202898553
462,0.375,0.2857142857142857,0.48341163024842476,0.577,0.615,0.6592,0.22727272727272727
463,0.336,0.27555555555555555,0.48048977101853596,0.557,0.598,0.6385542168674698,0.23741007194244604
464,0.346,0.2942528735632184,0.4879018203440976,0.554,0.599,0.6284403669724771,0.28346456692913385
465,0.365,0.31614349775784756,0.4947180047838931,0.579,0.567,0.6440944881889764,0.2727272727272727
466,0.31,0.2909090909090909,0.5015722869445998,0.563,0.566,0.6115942028985507,0.22929936305732485
467,0.356,0.2636363636363636,0.5043153873424635,0.547,0.569,0.6195652173913043,0.2198581560283688
468,0.361,0.27539503386004516,0.5014634233526469,0.57,0.546,0.6666666666666666,0.264
469,0.355,0.2772727272727273,0.5018416588820128,0.569,0.593,0.6527131782945736,0.2781954887218045
470,0.337,0.27972027972027974,0.49086615284698476,0.573,0.635,0.665158371040724,0.2647058823529412
471,0.317,0.2708860759493671,0.48608702220296607,0.593,0.646,0.677891654465593,0.2966101694915254
472,0.317,0.27102803738317754,0.4811608226486048,0.579,0.602,0.6398243045387995,0.2517482517482518
473,0.303,0.26715686274509803,0.4872819895534026,0.576,0.598,0.6370157819225251,0.2152777777777778
474,0.339,0.25900900900900903,0.4875939087124125,0.56,0.635,0.6444780635400907,0.22784810126582278
475,0.33,0.2636363636363636,0.48636391197272566,0.563,0.623,0.6522388059701493,0.2602739726027397
476,0.334,0.2825112107623318,0.4834828240529215,0.574,0.605,0.6531531531531531,0.22535211267605634
477,0.34,0.2986425339366516,0.48708449923765945,0.578,0.585,0.6636363636363637,0.291970802919708
478,0.347,0.3092105263157895,0.48007942511369206,0.57,0.585,0.6385911179173047,0.2773722627737226
479,0.361,0.28289473684210525,0.4622325583863019,0.562,0.571,0.6525821596244131,0.2518518518518518
480,0.353,0.2753303964757709,0.464377697887772,0.549,0.564,0.615146831530139,0.26277372262773724
481,0.347,0.2673913043478261,0.4563161920572327,0.511,0.556,0.5911179173047473,0.2945205479452055
482,0.382,0.2925311203319502,0.4543904190164348,0.555,0.59,0.6553398058252428,0.2953020134228188
483,0.334,0.27111111111111114,0.4551867921730122,0.567,0.585,0.6456456456456456,0.208955223880597
484,0.335,0.24413145539906103,0.4712281908191504,0.569,0.567,0.6556390977443609,0.1794871794871795
485,0.338,0.22950819672131148,0.46666414551382757,0.545,0.611,0.6253776435045317,0.1864406779661017
486,0.352,0.2546728971962617,0.4723122179998638,0.567,0.585,0.6635802469135802,0.25
487,0.37,0.284796573875803,0.48373182147122473,0.558,0.572,0.6428571428571429,0.25
488,0.373,0.26419213973799127,0.4627446374194144,0.542,0.583,0.6220095693779905,0.1984732824427481
489,0.38,0.2792207792207792,0.4483333268728528,0.555,0.597,0.6403225806451613,0.30708661417322836
490,0.363,0.2766884531590414,0.47400914189783544,0.546,0.588,0.6200941915227629,0.2677165354330709
491,0.358,0.3051948051948052,0.48378413118198355,0.55,0.614,0.6339563862928349,0.2949640287769784
492,0.371,0.30068337129840544,0.49254188656601183,0.549,0.597,0.643879173290938,0.2903225806451613
493,0.338,0.317016317016317,0.5034434913283501,0.566,0.593,0.6465256797583081,0.3305785123966942
494,0.42,0.3137254901960784,0.5113550528150518,0.556,0.575,0.65,0.2706766917293233
495,0.345,0.3404761904761905,0.5302437980690784,0.59,0.562,0.6473282442748092,0.33663366336633666
496,0.357,0.3117782909930716,0.5320338909731195,0.572,0.595,0.6625194401244168,0.375
497,0.35,0.29930394431554525,0.5355693793238079,0.564,0.569,0.6569230769230769,0.3697478991596639
498,0.388,0.2963855421686747,0.5418986142806163,0.553,0.551,0.6568627450980392,0.2926829268292683
499,0.402,0.3311965811965812,0.5667690352020418,0.55,0.569,0.5886287625418061,0.232
500,0.41,0.2972972972972973,0.5603174489930532,0.535,0.545,0.6254237288135593,0.2074074074074074
501,0.384,0.27291666666666664,0.5545464294015531,0.522,0.537,0.5892857142857143,0.20689655172413793
502,0.4,0.2773109243697479,0.5740227431519227,0.528,0.556,0.6116666666666667,0.234375
503,0.41,0.3205944798301486,0.5622405136790591,0.537,0.563,0.6101694915254238,0.2711864406779661
504,0.424,0.3249475890985325,0.5720466646673087,0.541,0.555,0.6232638888888888,0.2413793103448276
505,0.411,0.3025210084033613,0.5554886663178589,0.535,0.555,0.6213921901528013,0.23076923076923078
506,0.431,0.30128205128205127,0.5360471534560168,0.56,0.574,0.6625659050966608,0.28440366972477066
507,0.423,0.2647058823529412,0.5274933055781603,0.539,0.542,0.6429809358752167,0.26605504587155965
508,0.425,0.29243353783231085,0.5204621310945872,0.535,0.558,0.6260869565217392,0.2786885245901639
509,0.39,0.3054989816700611,0.5159737169346071,0.554,0.589,0.6311475409836066,0.3125
510,0.381,0.31422505307855625,0.5187050260392206,0.558,0.58,0.6365105008077544,0.3181818181818182
511,0.386,0.3173913043478261,0.5007580314851675,0.574,0.586,0.6514657980456026,0.30303030303030304
512,0.391,0.3370288248337029,0.519172237520632,0.584,0.594,0.6600985221674877,0.28205128205128205
513,0.388,0.2938689217758985,0.5393711622079193,0.556,0.58,0.6388888888888888,0.23846153846153847
514,0.39,0.27350427350427353,0.5379030872772844,0.555,0.575,0.660655737704918,0.21951219512195122
515,0.352,0.27385892116182575,0.545518234681677,0.537,0.587,0.6203703703703703,0.23448275862068965
516,0.395,0.29559748427672955,0.5440305864639198,0.543,0.578,0.6231404958677685,0.256
517,0.41,0.26899383983572894,0.5160513669288902,0.528,0.567,0.6508474576271186,0.35384615384615387
518,0.366,0.27069351230425054,0.5064538269021172,0.549,0.591,0.6403785488958991,0.24561403508771928
519,0.367,0.2924107142857143,0.5068179802143015,0.561,0.595,0.641390205371248,0.28225806451612906
520,0.375,0.25109170305676853,0.49725155737496685,0.525,0.585,0.6112,0.21830985915492956
521,0.373,0.26105263157894737,0.5065427392890962,0.532,0.608,0.6347687400318979,0.2916666666666667
522,0.389,0.29938900203665986,0.5107031912349876,0.56,0.589,0.6677577741407529,0.38686131386861317
523,0.36,0.2925764192139738,0.5112397308078057,0.571,0.562,0.6546875,0.32142857142857145
524,0.403,0.3171247357293869,0.49597431873297604,0.562,0.576,0.6549413735343383,0.35384615384615387
525,0.376,0.3029661016949153,0.49346247264921445,0.56,0.611,0.6538461538461539,0.30434782608695654
526,0.355,0.30718954248366015,0.48338385262012545,0.576,0.585,0.6651162790697674,0.2695035460992908
527,0.347,0.2803532008830022,0.486154752992377,0.561,0.573,0.6431852986217458,0.24060150375939848
528,0.359,0.26695842450765866,0.4908283966564342,0.55,0.576,0.656786271450858,0.2676056338028169
529,0.36,0.26548672566371684,0.47547191256963955,0.543,0.577,0.6328125,0.26356589147286824
530,0.346,0.27954545454545454,0.4820033541440705,0.561,0.579,0.6498470948012233,0.2619047619047619
531,0.356,0.2923433874709977,0.4852047619458997,0.555,0.587,0.6366459627329193,0.234375
532,0.367,0.30952380952380953,0.4800479900722471,0.552,0.572,0.6224328593996841,0.25190839694656486
533,0.37,0.2827868852459016,0.4831337887730555,0.535,0.566,0.6190476190476191,0.2484472049689441
534,0.372,0.25277161862527714,0.47096652404260986,0.536,0.57,0.6401273885350318,0.2518518518518518
535,0.367,0.2876404494382023,0.4604774364961508,0.561,0.603,0.660347551342812,0.27906976744186046
536,0.394,0.26247288503253796,0.4728963991295825,0.542,0.608,0.6386138613861386,0.22727272727272727
537,0.372,0.28274428274428276,0.47482262543777914,0.557,0.627,0.6576433121019108,0.2585034013605442
538,0.392,0.29809725158562367,0.5065056242107887,0.561,0.621,0.6332236842105263,0.2868217054263566
539,0.399,0.31519274376417233,0.518199220880933,0.58,0.611,0.6655574043261231,0.2903225806451613
540,0.38,0.31403118040089084,0.5211673447871314,0.592,0.59,0.6887096774193548,0.29523809523809524
541,0.372,0.2958057395143488,0.519327070385347,0.573,0.582,0.6656050955414012,0.3181818181818182
542,0.4,0.3040816326530612,0.5134983707171977,0.557,0.599,0.6733333333333333,0.3475177304964539
543,0.4,0.29375,0.5152796999957452,0.528,0.609,0.61,0.29457364341085274
544,0.373,0.3378076062639821,0.5122671007273963,0.564,0.595,0.6379585326953748,0.28703703703703703
545,0.387,0.2772727272727273,0.492158813824678,0.542,0.59,0.6296900489396411,0.2037037037037037
546,0.408,0.26666666666666666,0.4932830161286616,0.55,0.576,0.6621621621621622,0.2523364485981308
547,0.403,0.2894736842105263,0.49021992605808995,0.545,0.576,0.6465661641541038,0.32061068702290074
548,0.373,0.26526315789473687,0.48110008641409524,0.549,0.575,0.6618819776714514,0.23770491803278687
549,0.373,0.2525879917184265,0.48525730008536344,0.557,0.588,0.6586921850079744,0.2706766917293233
550,0.371,0.26666666666666666,0.4836375682440909,0.553,0.566,0.6422893481717011,0.25675675675675674
551,0.377,0.2632696390658174,0.4961138073509524,0.558,0.595,0.6484751203852327,0.29411764705882354
552,0.361,0.2687224669603524,0.4945768019313539,0.551,0.61,0.6384976525821596,0.2463768115942029
553,0.362,0.2636165577342048,0.4760024238251424,0.545,0.591,0.6567398119122257,0.23484848484848486
554,0.374,0.257847533632287,0.4801809279297967,0.555,0.597,0.6437699680511182,0.19491525423728814
555,0.346,0.26365795724465557,0.47956721349135295,0.562,0.582,0.6391437308868502,0.21359223300970873
556,0.349,0.2590909090909091,0.46564245677478244,0.553,0.552,0.6436251920122887,0.26229508196721313
557,0.336,0.2511520737327189,0.45773571399359736,0.562,0.545,0.6596385542168675,0.23622047244094488
558,0.344,0.24228028503562946,0.43928132848469237,0.558,0.555,0.6265243902439024,0.1926605504587156
559,0.37,0.23113207547169812,0.43318662380329126,0.566,0.537,0.6825396825396826,0.21153846153846154
560,0.374,0.21739130434782608,0.4438084789978835,0.572,0.54,0.6661341853035144,0.20754716981132076
561,0.372,0.22300469483568075,0.43386296857774276,0.554,0.565,0.6480891719745223,0.19090909090909092
562,0.357,0.2412280701754386,0.44248577090292374,0.55,0.542,0.6423017107309487,0.2463768115942029
563,0.355,0.26666666666666666,0.479251375838577,0.539,0.526,0.6170542635658914,0.2971014492753623
564,0.384,0.24295010845986983,0.4748923889803348,0.53,0.573,0.6266233766233766,0.2302158273381295
565,0.332,0.26573426573426573,0.48577787323125865,0.58,0.592,0.687125748502994,0.3252032520325203
566,0.368,0.32062780269058294,0.48585186972242356,0.596,0.602,0.6677215189873418,0.36879432624113473
567,0.358,0.3112128146453089,0.49927353870180835,0.591,0.627,0.6838006230529595,0.3305785123966942
568,0.336,0.3389830508474576,0.4974235633035825,0.61,0.652,0.6942771084337349,0.38333333333333336
569,0.322,0.29927007299270075,0.4966979755931743,0.595,0.634,0.6622418879056047,0.2682926829268293
570,0.336,0.3033175355450237,0.49508409532195924,0.602,0.628,0.6731927710843374,0.2846715328467153
571,0.329,0.2826603325415677,0.4960393960365982,0.595,0.613,0.6825633383010432,0.2556390977443609
572,0.323,0.2709832134292566,0.5020248238462895,0.584,0.604,0.6602658788774003,0.23846153846153847
573,0.35,0.2898876404494382,0.49269535560736316,0.58,0.588,0.6523076923076923,0.2662337662337662
574,0.353,0.29046563192904656,0.5091150039298289,0.58,0.593,0.6553323029366306,0.24806201550387597
575,0.337,0.29515418502202645,0.5297135213828787,0.559,0.597,0.6319758672699849,0.2714285714285714
576,0.352,0.3032967032967033,0.5256090834320146,0.55,0.597,0.6342592592592593,0.2727272727272727
577,0.341,0.2827586206896552,0.510585458002811,0.567,0.612,0.6752655538694993,0.32558139534883723
578,0.317,0.2857142857142857,0.5025687607139464,0.591,0.599,0.6676427525622255,0.2803030303030303
579,0.328,0.2591687041564792,0.49755828103819544,0.59,0.588,0.6696428571428571,0.25210084033613445
580,0.36,0.2882882882882883,0.49815836167717464,0.571,0.582,0.653125,0.27007299270072993
581,0.35,0.2981220657276995,0.5018021223939712,0.567,0.611,0.6415384615384615,0.272
582,0.363,0.2918552036199095,0.5060917673594889,0.548,0.603,0.6279434850863422,0.2727272727272727
583,0.372,0.3163716814159292,0.49822300267381936,0.564,0.611,0.6464968152866242,0.32558139534883723
584,0.408,0.29690721649484536,0.5035288902345044,0.557,0.592,0.6503378378378378,0.22695035460992907
585,0.354,0.2984749455337691,0.48945986781960366,0.567,0.616,0.6501547987616099,0.30344827586206896
586,0.353,0.3030973451327434,0.48275281112550633,0.575,0.601,0.6630602782071098,0.3082706766917293
587,0.344,0.2988505747126437,0.49015829563351465,0.586,0.597,0.6722560975609756,0.3023255813953488
588,0.378,0.30831643002028397,0.4934186933286609,0.558,0.581,0.6382636655948553,0.30864197530864196
589,0.387,0.2946236559139785,0.5026562347664175,0.555,0.582,0.6606851549755302,0.31690140845070425
590,0.356,0.28440366972477066,0.519425494310374,0.55,0.556,0.6242236024844721,0.2672413793103448
591,0.37,0.3028953229398664,0.5364144578238021,0.529,0.556,0.5952380952380952,0.256
592,0.371,0.2923433874709977,0.5280948331654198,0.534,0.557,0.6232114467408585,0.27722772277227725
593,0.382,0.2962138084632517,0.5142867059525885,0.533,0.588,0.6051779935275081,0.24347826086956523
594,0.415,0.2834008097165992,0.5065990652121879,0.527,0.586,0.6153846153846154,0.2867132867132867
595,0.372,0.2905263157894737,0.4939356959505391,0.537,0.606,0.6178343949044586,0.2556390977443609
596,0.375,0.31453362255965295,0.49943596246539357,0.547,0.567,0.6352,0.3208955223880597
597,0.35,0.3076923076923077,0.48504269896493146,0.569,0.569,0.6446153846153846,0.32
598,0.355,0.2737556561085973,0.4825277934594175,0.565,0.588,0.6697674418604651,0.2966101694915254
599,0.33,0.27251732101616627,0.49820511614400276,0.573,0.585,0.6597014925373135,0.304
600,0.378,0.2660753880266075,0.4957458519974167,0.562,0.593,0.6543408360128617,0.2589928057553957
601,0.349,0.27790432801822323,0.5028471773946248,0.581,0.602,0.6789554531490015,0.2845528455284553
602,0.331,0.2896551724137931,0.5077264272802775,0.563,0.629,0.6547085201793722,0.2992125984251969
603,0.319,0.2762836185819071,0.49990245695616603,0.577,0.642,0.6593245227606461,0.2543859649122807
604,0.335,0.27906976744186046,0.49935131791674703,0.583,0.646,0.6541353383458647,0.2283464566929134
605,0.339,0.3340909090909091,0.5184207532541767,0.605,0.655,0.6822995461422088,0.35766423357664234
606,0.347,0.32798165137614677,0.5303046307038359,0.591,0.634,0.6569678407350689,0.3384615384615385
607,0.363,0.31403118040089084,0.5352121175630391,0.575,0.613,0.6546310832025117,0.296875
608,0.33,0.3310344827586207,0.5383893153409325,0.563,0.605,0.6328358208955224,0.3359375
609,0.332,0.3325842696629214,0.5272731076114854,0.581,0.61,0.6467065868263473,0.3188405797101449
610,0.326,0.3577981651376147,0.5334955888660985,0.591,0.6,0.6483679525222552,0.3284671532846715
611,0.339,0.3111111111111111,0.539078840552479,0.569,0.61,0.6611195158850227,0.2925170068027211
612,0.329,0.30699774266365687,0.5381891276933907,0.573,0.605,0.6512667660208644,0.30405405405405406
613,0.367,0.3231132075471698,0.5318835038187162,0.582,0.583,0.6635071090047393,0.2786885245901639
614,0.381,0.31220657276995306,0.532497331016654,0.582,0.596,0.6639741518578353,0.3220338983050847
615,0.362,0.2791762013729977,0.5129533385730058,0.552,0.585,0.6316614420062696,0.2833333333333333
616,0.368,0.3039647577092511,0.4942514712248252,0.558,0.587,0.6550632911392406,0.3511450381679389
617,0.305,0.3051643192488263,0.4854352819775205,0.582,0.594,0.6517985611510791,0.3262411347517731
618,0.321,0.2577777777777778,0.47314511054946295,0.558,0.587,0.6332842415316642,0.2909090909090909
619,0.318,0.23620309050772628,0.45031458890868703,0.556,0.587,0.6363636363636364,0.23809523809523808
620,0.33,0.25389755011135856,0.4434613634627466,0.565,0.557,0.6656716417910448,0.25
621,0.343,0.24248927038626608,0.4457460672197725,0.539,0.577,0.619482496194825,0.21052631578947367
622,0.332,0.28205128205128205,0.45013107446379963,0.592,0.589,0.6796407185628742,0.31851851851851853
623,0.346,0.24153498871331827,0.44282724881921515,0.57,0.602,0.6819571865443425,0.28104575163398693
624,0.367,0.2606837606837607,0.4582531471345827,0.558,0.593,0.6429699842022117,0.3076923076923077
625,0.359,0.25949367088607594,0.4791611587832591,0.551,0.571,0.6380655226209049,0.24161073825503357
626,0.327,0.2927927927927928,0.48915207845299996,0.583,0.56,0.6716196136701337,0.2898550724637681
627,0.339,0.2850467289719626,0.485425935857203,0.569,0.574,0.659606656580938,0.312
628,0.347,0.29107981220657275,0.47298465207066237,0.594,0.588,0.7044410413476263,0.31666666666666665
629,0.33,0.271461716937355,0.47071776193545295,0.585,0.594,0.682089552238806,0.3253968253968254
630,0.357,0.28798185941043086,0.484261453815465,0.585,0.601,0.6920684292379471,0.3203125
631,0.311,0.3064516129032258,0.48107174192587204,0.6,0.581,0.6806966618287373,0.3541666666666667
632,0.341,0.2889908256880734,0.4693244781232248,0.581,0.6,0.6676783004552352,0.2619047619047619
633,0.33,0.2743764172335601,0.4727248115803262,0.559,0.614,0.6447761194029851,0.24812030075187969
634,0.303,0.2676056338028169,0.48291515592045414,0.572,0.626,0.642754662840746,0.23943661971830985
635,0.332,0.2385542168674699,0.471606372145856,0.571,0.625,0.6646706586826348,0.25
636,0.337,0.30935251798561153,0.4705637894810261,0.592,0.608,0.6621417797888386,0.25190839694656486
637,0.301,0.2867647058823529,0.4774340239082984,0.594,0.592,0.6695278969957081,0.21428571428571427
638,0.332,0.2832512315270936,0.47864811027343934,0.602,0.603,0.6841317365269461,0.26356589147286824
639,0.318,0.2391304347826087,0.47367343517596894,0.563,0.595,0.6422287390029325,0.1984732824427481
640,0.339,0.268018018018018,0.463623621255357,0.567,0.553,0.6354009077155824,0.20394736842105263
641,0.347,0.25942350332594233,0.45771187497561755,0.56,0.561,0.6477794793261868,0.23333333333333334
642,0.307,0.26635514018691586,0.4510018188777981,0.578,0.598,0.6551226551226551,0.2553191489361702
643,0.31,0.25735294117647056,0.4638686742982646,0.587,0.603,0.6579710144927536,0.23308270676691728
644,0.302,0.25,0.4846445247715433,0.589,0.592,0.6575931232091691,0.2361111111111111
645,0.31,0.2676056338028169,0.4783028215294899,0.575,0.584,0.6594202898550725,0.28
646,0.309,0.2660332541567696,0.46826561543667405,0.582,0.608,0.6772793053545586,0.2857142857142857
647,0.318,0.30412371134020616,0.475471408863145,0.616,0.593,0.7052785923753666,0.30357142857142855
648,0.336,0.29411764705882354,0.48887402496233984,0.589,0.598,0.6656626506024096,0.28
649,0.353,0.25,0.49750699902600487,0.566,0.613,0.652241112828439,0.25
650,0.34,0.290167865707434,0.49695477013411177,0.582,0.629,0.6666666666666666,0.3203125
651,0.32,0.2937219730941704,0.5008929957416,0.557,0.639,0.6176470588235294,0.27388535031847133
652,0.351,0.30162412993039445,0.485008218010575,0.572,0.601,0.6610169491525424,0.34532374100719426
653,0.364,0.2814645308924485,0.4703521299066255,0.569,0.605,0.6666666666666666,0.2631578947368421
654,0.337,0.26128266033254155,0.47648720835078656,0.573,0.615,0.6576168929110106,0.2537313432835821
655,0.353,0.2822966507177033,0.48970491629742674,0.6,0.613,0.6846986089644513,0.25
656,0.345,0.2968036529680365,0.49363390977317123,0.587,0.635,0.667175572519084,0.2937062937062937
657,0.325,0.27790432801822323,0.5027922636066969,0.558,0.609,0.6281481481481481,0.25609756097560976
658,0.372,0.2759433962264151,0.5024862813253937,0.578,0.577,0.660828025477707,0.264
659,0.394,0.2891832229580574,0.5013906082515237,0.571,0.59,0.6765676567656765,0.2857142857142857
660,0.359,0.27702702702702703,0.5035583642865067,0.565,0.636,0.6599063962558502,0.2755905511811024
661,0.35,0.27729257641921395,0.5013407240482415,0.547,0.619,0.6184615384615385,0.24647887323943662
662,0.337,0.29069767441860467,0.5132450759593592,0.575,0.635,0.6787330316742082,0.296
663,0.345,0.27735368956743,0.5106286812991929,0.583,0.619,0.665648854961832,0.29896907216494845
664,0.371,0.29156626506024097,0.5246875602530261,0.566,0.596,0.6486486486486487,0.3069306930693069
665,0.358,0.3172866520787746,0.5233907459427399,0.572,0.59,0.6588785046728972,0.31297709923664124
666,0.365,0.3295964125560538,0.5105005499371017,0.573,0.561,0.6488188976377953,0.2601626016260163
667,0.382,0.28693790149892934,0.5058343970271273,0.551,0.561,0.6343042071197411,0.24087591240875914
668,0.391,0.29606625258799174,0.5022630816286972,0.537,0.57,0.6239737274220033,0.2733333333333333
669,0.385,0.29559748427672955,0.5013798382870783,0.551,0.567,0.6487804878048781,0.2631578947368421
670,0.403,0.2902542372881356,0.4881972493257136,0.545,0.577,0.6365159128978225,0.25547445255474455
671,0.394,0.29193899782135074,0.4683858334315896,0.549,0.582,0.6584158415841584,0.2777777777777778
672,0.371,0.2907488986784141,0.4688235494988618,0.562,0.608,0.6645468998410174,0.28688524590163933
673,0.405,0.3275488069414317,0.47099361600852135,0.576,0.606,0.6789915966386555,0.3076923076923077
674,0.384,0.2885032537960954,0.46410018839920686,0.559,0.581,0.6347402597402597,0.25225225225225223
675,0.389,0.2629399585921325,0.4564783706781118,0.538,0.573,0.6252045826513911,0.18518518518518517
676,0.397,0.2601279317697228,0.44899313524815754,0.535,0.562,0.6351575456053068,0.224
677,0.382,0.2693156732891832,0.44276487461352737,0.562,0.586,0.6779935275080906,0.25
678,0.383,0.25792811839323465,0.45808617424212766,0.542,0.57,0.6482982171799028,0.25384615384615383
679,0.369,0.2892561983471074,0.4732719753868156,0.55,0.558,0.6307448494453248,0.2753623188405797
680,0.401,0.2898550724637681,0.470380157205483,0.558,0.584,0.659432387312187,0.2753623188405797
681,0.375,0.3103448275862069,0.4755805440835995,0.572,0.599,0.656,0.2719298245614035
682,0.404,0.32166301969365424,0.4835240082937334,0.598,0.608,0.6778523489932886,0.19626168224299065
683,0.39,0.29979035639413,0.4610777729094859,0.557,0.577,0.6426229508196721,0.25210084033613445
684,0.372,0.27705627705627706,0.4611773602884481,0.547,0.59,0.6576433121019108,0.25984251968503935
685,0.364,0.2731182795698925,0.4400746397712583,0.539,0.615,0.6163522012578616,0.2537313432835821
686,0.36,0.26078028747433263,0.4508637746556162,0.526,0.582,0.603125,0.2360248447204969
687,0.36,0.23232323232323232,0.4478645557516225,0.518,0.568,0.6125,0.19254658385093168
688,0.378,0.2746331236897275,0.4481563774654451,0.555,0.584,0.6527331189710611,0.25
689,0.404,0.24946695095948826,0.4507882902644765,0.538,0.557,0.6359060402684564,0.232
690,0.357,0.27539503386004516,0.4654442522853968,0.548,0.573,0.6283048211508554,0.25663716814159293
691,0.398,0.29273504273504275,0.4755305179427334,0.55,0.594,0.6378737541528239,0.30158730158730157
692,0.384,0.2978723404255319,0.4768352148977797,0.556,0.608,0.6461038961038961,0.2753623188405797
693,0.381,0.27682403433476394,0.4866275290904888,0.553,0.59,0.6510500807754442,0.1937984496124031
694,0.354,0.24726477024070023,0.4945005224774874,0.543,0.583,0.6346749226006192,0.21875
695,0.36,0.2809734513274336,0.5020300973041723,0.553,0.578,0.634375,0.2222222222222222
696,0.39,0.2946236559139785,0.5052729467424026,0.573,0.591,0.6721311475409836,0.25
697,0.378,0.27892561983471076,0.49294939836709617,0.554,0.603,0.6189710610932476,0.24342105263157895
698,0.355,0.27331887201735355,0.498959528348254,0.544,0.617,0.6217054263565891,0.2534246575342466
699,0.324,0.29345372460496616,0.5040437463570225,0.565,0.615,0.636094674556213,0.2727272727272727
700,0.367,0.24336283185840707,0.4950949929695555,0.542,0.604,0.641390205371248,0.23134328358208955
701,0.351,0.2743764172335601,0.48740306816843976,0.57,0.607,0.6702619414483821,0.24793388429752067
702,0.32,0.2990867579908676,0.4860055512151281,0.564,0.606,0.6176470588235294,0.2734375
703,0.338,0.31264367816091954,0.49094949863053644,0.591,0.605,0.6706948640483383,0.28125
704,0.343,0.2751677852348993,0.4824126058912714,0.57,0.606,0.669710806697108,0.2638888888888889
705,0.353,0.29411764705882354,0.48021623536916447,0.598,0.626,0.7032457496136012,0.21367521367521367
706,0.346,0.32558139534883723,0.460355251121962,0.599,0.638,0.6712538226299695,0.24031007751937986
707,0.373,0.319634703196347,0.47546397108885424,0.598,0.637,0.6778309409888357,0.2542372881355932
708,0.356,0.2850574712643678,0.48765902562252156,0.579,0.643,0.6754658385093167,0.25984251968503935
709,0.365,0.28293736501079914,0.4936663999396081,0.567,0.656,0.6645669291338583,0.2814814814814815
710,0.382,0.278372591006424,0.4670777510247542,0.553,0.647,0.63915857605178,0.27611940298507465
711,0.375,0.27672955974842767,0.46446618550261765,0.547,0.623,0.6432,0.22794117647058823
712,0.398,0.24302788844621515,0.47038476626780473,0.522,0.633,0.6295681063122923,0.1935483870967742
713,0.399,0.2907216494845361,0.48684856830678624,0.551,0.609,0.632279534109817,0.22535211267605634
714,0.419,0.2865979381443299,0.4764471041351207,0.551,0.618,0.6437177280550774,0.25984251968503935
715,0.405,0.3008298755186722,0.4923282690135099,0.553,0.615,0.6302521008403361,0.2835820895522388
716,0.396,0.32079646017699115,0.4941424530672239,0.59,0.607,0.6788079470198676,0.29357798165137616
717,0.4,0.32558139534883723,0.4799469397673035,0.577,0.612,0.665,0.2786885245901639
718,0.408,0.3030927835051546,0.47166364630337626,0.569,0.609,0.6672297297297297,0.296875
719,0.398,0.2874743326488706,0.45233298383036236,0.562,0.581,0.6461794019933554,0.2550335570469799
720,0.416,0.2876984126984127,0.4710045512080476,0.565,0.583,0.6763698630136986,0.2714285714285714
721,0.418,0.29707112970711297,0.4935439344480882,0.566,0.553,0.6718213058419243,0.3113207547169811
722,0.414,0.2653061224489796,0.48444681737369466,0.537,0.536,0.6552901023890785,0.275
723,0.376,0.24458874458874458,0.48633757430784946,0.546,0.559,0.6217948717948718,0.21138211382113822
724,0.374,0.21145374449339208,0.486987607764581,0.536,0.56,0.6277955271565495,0.18584070796460178
725,0.374,0.22055674518201285,0.48908705706703254,0.505,0.537,0.6054313099041534,0.211864406779661
726,0.393,0.26879271070615035,0.4907208669416104,0.536,0.571,0.6112026359143328,0.22448979591836735
727,0.395,0.22123893805309736,0.47393513852492675,0.511,0.584,0.6099173553719008,0.1574074074074074
728,0.37,0.23956043956043957,0.47507033380114594,0.519,0.595,0.6301587301587301,0.25210084033613445
729,0.377,0.2411504424778761,0.48539588518228016,0.529,0.593,0.6484751203852327,0.2975206611570248
730,0.388,0.30066815144766146,0.5046950621862282,0.574,0.59,0.6584967320261438,0.2903225806451613
731,0.403,0.2811158798283262,0.4983888990444841,0.549,0.587,0.6415410385259631,0.2231404958677686
732,0.366,0.25219298245614036,0.4984941023167885,0.542,0.594,0.6293375394321766,0.2204724409448819
733,0.382,0.28297872340425534,0.5032686357250478,0.539,0.632,0.6262135922330098,0.256198347107438
734,0.366,0.2876404494382023,0.5007628203427901,0.57,0.636,0.6545741324921136,0.19827586206896552
735,0.328,0.3215130023640662,0.5076066952195273,0.599,0.628,0.6800595238095238,0.36363636363636365
736,0.345,0.30376940133037694,0.5145938067240193,0.574,0.626,0.6473282442748092,0.3051948051948052
737,0.329,0.2850678733031674,0.5134731544380824,0.571,0.596,0.6602086438152012,0.27450980392156865
738,0.398,0.3040816326530612,0.526026622083224,0.534,0.592,0.6029900332225914,0.31736526946107785
739,0.368,0.32712215320910976,0.5153498854228391,0.539,0.623,0.5996835443037974,0.35365853658536583
740,0.372,0.28725701943844495,0.5151393303919399,0.531,0.618,0.6114649681528662,0.2846715328467153
741,0.346,0.2899786780383795,0.5191054481868171,0.528,0.587,0.5932721712538226,0.23684210526315788
742,0.369,0.29809725158562367,0.5320863124875272,0.548,0.606,0.6370839936608558,0.2746478873239437
743,0.38,0.34791666666666665,0.5241978856205703,0.569,0.594,0.6435483870967742,0.33098591549295775
744,0.349,0.32339449541284404,0.5323056370127942,0.575,0.602,0.6543778801843319,0.3089430894308943
745,0.392,0.28888888888888886,0.5109602530041935,0.572,0.617,0.6776315789473685,0.3305084745762712
746,0.377,0.31359649122807015,0.5136209200819917,0.571,0.62,0.6597110754414125,0.33070866141732286
747,0.387,0.32079646017699115,0.5097169877054667,0.581,0.601,0.6802610114192496,0.28703703703703703
748,0.344,0.3333333333333333,0.5107047139579194,0.597,0.593,0.6798780487804879,0.30357142857142855
749,0.342,0.28708133971291866,0.5106174607829456,0.575,0.59,0.6854103343465046,0.28703703703703703
750,0.36,0.2808219178082192,0.5011336445146598,0.571,0.572,0.665625,0.2601626016260163
751,0.337,0.2938496583143508,0.4968354205991923,0.572,0.587,0.6485671191553545,0.26717557251908397
752,0.305,0.314070351758794,0.4900148217618066,0.595,0.593,0.6705035971223021,0.3305785123966942
753,0.358,0.28361858190709044,0.48564821868489333,0.59,0.596,0.6838006230529595,0.2897196261682243
754,0.331,0.27450980392156865,0.4811373866047744,0.572,0.592,0.6606875934230194,0.28695652173913044
755,0.332,0.29024390243902437,0.4698771004119394,0.595,0.593,0.6781437125748503,0.31451612903225806
756,0.342,0.2722772277227723,0.4777486372376684,0.598,0.576,0.6990881458966566,0.22950819672131148
757,0.338,0.2904761904761905,0.4761408961134709,0.588,0.558,0.6722054380664653,0.24812030075187969
758,0.321,0.2571428571428571,0.46804605451924675,0.578,0.58,0.6627393225331369,0.1746031746031746
759,0.321,0.30823529411764705,0.4667897818173914,0.6,0.586,0.6730486008836525,0.2638888888888889
760,0.356,0.29285714285714287,0.455193051834283,0.599,0.589,0.6863354037267081,0.2748091603053435
761,0.345,0.2880184331797235,0.46117498864577,0.586,0.578,0.6748091603053435,0.24060150375939848
762,0.35,0.3087885985748218,0.4611128877956119,0.584,0.581,0.6692307692307692,0.2972972972972973
763,0.37,0.2860520094562648,0.45620030693865476,0.57,0.586,0.6587301587301587,0.2621359223300971
764,0.36,0.2266355140186916,0.43839660907254496,0.533,0.584,0.6265625,0.20192307692307693
765,0.398,0.2559652928416486,0.4312520148307324,0.551,0.611,0.659468438538206,0.29133858267716534
766,0.352,0.2412280701754386,0.4278372281830837,0.551,0.588,0.6466049382716049,0.2642857142857143
767,0.372,0.23927765237020315,0.420789944010005,0.579,0.585,0.6815286624203821,0.224
768,0.363,0.2699530516431925,0.4375718194227559,0.585,0.566,0.6844583987441131,0.1956521739130435
769,0.362,0.26948775055679286,0.45306076481443236,0.572,0.559,0.6802507836990596,0.27419354838709675
770,0.396,0.2753303964757709,0.4729553709716514,0.57,0.585,0.6688741721854304,0.23853211009174313
771,0.342,0.2924107142857143,0.4645383076358783,0.569,0.596,0.6474164133738601,0.29508196721311475
772,0.354,0.2694063926940639,0.4663076376981388,0.555,0.585,0.6377708978328174,0.2743362831858407
773,0.375,0.24050632911392406,0.46908619018802233,0.533,0.578,0.6224,0.22627737226277372
774,0.374,0.2588495575221239,0.4795541490903529,0.542,0.569,0.6437699680511182,0.2824427480916031
775,0.351,0.2590909090909091,0.45137465884297195,0.564,0.578,0.6440677966101694,0.24193548387096775
776,0.358,0.26174496644295303,0.44787844410379263,0.553,0.586,0.6479750778816199,0.2230769230769231
777,0.331,0.26269315673289184,0.4539700342730158,0.539,0.61,0.6278026905829597,0.271523178807947
778,0.365,0.2831050228310502,0.4747392180199502,0.544,0.612,0.6346456692913386,0.30303030303030304
779,0.354,0.3009049773755656,0.4664510239450956,0.581,0.594,0.6718266253869969,0.32608695652173914
780,0.343,0.29107981220657275,0.45509046965415395,0.591,0.584,0.6712328767123288,0.31007751937984496
781,0.31,0.26730310262529833,0.46929317468064075,0.589,0.602,0.6782608695652174,0.2814814814814815
782,0.344,0.3125,0.4765465206057362,0.609,0.6,0.6890243902439024,0.2966101694915254
783,0.3,0.3046875,0.4689891264301973,0.618,0.616,0.6914285714285714,0.28
784,0.327,0.2863961813842482,0.4459229723844491,0.592,0.637,0.6656760772659732,0.2357142857142857
785,0.348,0.2660753880266075,0.45273653283708054,0.565,0.637,0.6457055214723927,0.2585034013605442
786,0.335,0.25415676959619954,0.46243882630677124,0.573,0.614,0.6571428571428571,0.2462686567164179
787,0.321,0.23883928571428573,0.45963928244360963,0.545,0.627,0.6318114874815906,0.23809523809523808
788,0.315,0.3022222222222222,0.47193560395047646,0.569,0.611,0.6233576642335766,0.2929936305732484
789,0.353,0.2895927601809955,0.4806308034633951,0.587,0.619,0.678516228748068,0.24444444444444444
790,0.351,0.3215130023640662,0.47656518705880624,0.603,0.605,0.6979969183359014,0.3275862068965517
791,0.338,0.31220657276995306,0.4726674017057717,0.605,0.606,0.6797583081570997,0.32
792,0.319,0.2682926829268293,0.44814879149198245,0.588,0.621,0.6666666666666666,0.27350427350427353
793,0.347,0.25476190476190474,0.4496202070530455,0.582,0.589,0.6814701378254211,0.21487603305785125
794,0.322,0.25,0.4461551299003217,0.566,0.588,0.6548672566371682,0.25925925925925924
795,0.363,0.28043478260869564,0.44233905423381326,0.564,0.576,0.6263736263736264,0.2916666666666667
796,0.371,0.25663716814159293,0.4340704254468027,0.55,0.559,0.6581875993640699,0.3333333333333333
797,0.333,0.2523364485981308,0.4191276526395742,0.566,0.59,0.6476761619190404,0.24031007751937986
798,0.347,0.21559633027522937,0.4330938236599925,0.558,0.615,0.666156202143951,0.1935483870967742
799,0.334,0.24830699774266365,0.4244437069121224,0.575,0.588,0.6771771771771772,0.27941176470588236
800,0.348,0.3146853146853147,0.4354242021054844,0.614,0.578,0.700920245398773,0.3235294117647059
801,0.346,0.28935185185185186,0.43039859166667294,0.593,0.578,0.6574923547400612,0.2248062015503876
802,0.368,0.2739420935412027,0.44018518405383206,0.581,0.582,0.689873417721519,0.2463768115942029
803,0.336,0.2737556561085973,0.44792088824913995,0.571,0.581,0.6536144578313253,0.2746478873239437
804,0.338,0.27848101265822783,0.4476460589965545,0.595,0.604,0.6827794561933535,0.19801980198019803
805,0.353,0.2776470588235294,0.43502212089773057,0.586,0.601,0.6831530139103554,0.24369747899159663
806,0.356,0.25820568927789933,0.4521974856845452,0.557,0.609,0.6444099378881988,0.22297297297297297
807,0.351,0.26376146788990823,0.4709599973049145,0.579,0.572,0.6718027734976888,0.2230769230769231
808,0.37,0.25223214285714285,0.46816075530902634,0.565,0.587,0.6460317460317461,0.2230769230769231
809,0.338,0.2645161290322581,0.46270526973801085,0.557,0.579,0.6389728096676737,0.22875816993464052
810,0.366,0.27061310782241016,0.46540967562043456,0.568,0.567,0.6608832807570978,0.18705035971223022
811,0.345,0.2589073634204275,0.47384853333599025,0.584,0.57,0.6961832061068702,0.23214285714285715
812,0.341,0.2938496583143508,0.48495150770739337,0.593,0.578,0.6752655538694993,0.2814814814814815
813,0.326,0.30787589498806683,0.48746855761386915,0.59,0.596,0.6646884272997032,0.28448275862068967
814,0.356,0.2540792540792541,0.49896051776027933,0.539,0.566,0.6211180124223602,0.26515151515151514
815,0.372,0.29128440366972475,0.5018571900827139,0.548,0.585,0.6146496815286624,0.264
816,0.346,0.2843601895734597,0.49369349972861565,0.576,0.616,0.6666666666666666,0.2857142857142857
817,0.34,0.2652582159624413,0.4855582736026982,0.571,0.615,0.65,0.19827586206896552
818,0.335,0.2529832935560859,0.4829975036928216,0.578,0.614,0.6691729323308271,0.21212121212121213
819,0.333,0.25116279069767444,0.46209785493370786,0.594,0.63,0.7031484257871065,0.22962962962962963
820,0.305,0.24688279301745636,0.46091186226514624,0.585,0.647,0.6733812949640288,0.25757575757575757
821,0.339,0.265,0.4564814595995488,0.595,0.624,0.670196671709531,0.2826086956521739
822,0.324,0.3150684931506849,0.45305676240908477,0.593,0.62,0.6597633136094675,0.2847222222222222
823,0.345,0.279445727482679,0.45959636990418723,0.576,0.62,0.6717557251908397,0.28776978417266186
824,0.38,0.3,0.47133709885548375,0.584,0.635,0.6838709677419355,0.3263888888888889
825,0.342,0.2927927927927928,0.47295780921465486,0.578,0.635,0.6717325227963525,0.28859060402684567
826,0.363,0.2782608695652174,0.47729843979859526,0.575,0.638,0.7001569858712716,0.33557046979865773
827,0.363,0.25902335456475584,0.48179152295547695,0.551,0.632,0.631083202511774,0.22981366459627328
828,0.377,0.2778993435448578,0.4881273113486001,0.555,0.638,0.6468699839486356,0.2785714285714286
829,0.384,0.28879310344827586,0.4948563541169971,0.567,0.636,0.6785714285714286,0.33064516129032256
830,0.333,0.28322440087145967,0.4964442563019176,0.556,0.61,0.6326836581709145,0.3013698630136986
831,0.36,0.2702127659574468,0.49604026038874727,0.542,0.614,0.625,0.2839506172839506
832,0.356,0.2579185520361991,0.4935893039396016,0.56,0.591,0.6630434782608695,0.2814814814814815
833,0.355,0.26244343891402716,0.492384338826378,0.555,0.6,0.6372093023255814,0.24817518248175183
834,0.373,0.27702702702702703,0.4857380548737892,0.568,0.627,0.6555023923444976,0.2748091603053435
835,0.348,0.28440366972477066,0.48601954582787793,0.579,0.609,0.6533742331288344,0.2777777777777778
836,0.325,0.2833333333333333,0.487449148774868,0.587,0.603,0.6592592592592592,0.25
837,0.364,0.24263038548752835,0.48470023521312683,0.552,0.611,0.6352201257861635,0.15602836879432624
838,0.321,0.2789598108747045,0.48373888018660977,0.59,0.613,0.678939617083947,0.23703703703703705
839,0.336,0.27415730337078653,0.4831403888489694,0.575,0.608,0.6475903614457831,0.21794871794871795
840,0.341,0.2906178489702517,0.4813044488697987,0.59,0.599,0.6798179059180577,0.23255813953488372
841,0.337,0.248868778280543,0.48968281675660724,0.567,0.609,0.6515837104072398,0.2074074074074074
842,0.353,0.27906976744186046,0.4859822539213027,0.576,0.586,0.6537867078825348,0.2564102564102564
843,0.34,0.297423887587822,0.4944828393952156,0.587,0.638,0.6621212121212121,0.2631578947368421
844,0.347,0.30504587155963303,0.5023756518602245,0.58,0.622,0.667687595712098,0.30303030303030304
845,0.347,0.34234234234234234,0.49939807270822223,0.6,0.644,0.6738131699846861,0.3230769230769231
846,0.344,0.31004366812227074,0.5007602589535542,0.578,0.647,0.6539634146341463,0.28378378378378377
847,0.354,0.29398663697104677,0.5116907438209125,0.565,0.624,0.6470588235294118,0.28378378378378377
848,0.371,0.2413793103448276,0.5081996402107107,0.54,0.6,0.6327503974562798,0.2248062015503876
849,0.378,0.2544642857142857,0.5104339634879466,0.539,0.593,0.6430868167202572,0.26515151515151514
850,0.381,0.27209302325581397,0.49747087732538464,0.553,0.583,0.6478190630048465,0.25
851,0.373,0.2840909090909091,0.49289824500871793,0.578,0.582,0.6810207336523126,0.27049180327868855
852,0.379,0.25869565217391305,0.49900670854316936,0.554,0.599,0.6457326892109501,0.256
853,0.372,0.30855855855855857,0.49812268363281476,0.579,0.608,0.6592356687898089,0.3090909090909091
854,0.414,0.2863070539419087,0.49533761562820294,0.549,0.636,0.6501706484641638,0.33043478260869563
855,0.377,0.31236897274633124,0.49634361683999045,0.565,0.637,0.6468699839486356,0.3088235294117647
856,0.396,0.29916317991631797,0.4947576023332179,0.56,0.627,0.6473509933774835,0.24166666666666667
857,0.408,0.31808278867102396,0.4938358881362968,0.575,0.618,0.6824324324324325,0.28695652173913044
858,0.376,0.3268398268398268,0.4998539631778047,0.573,0.617,0.6506410256410257,0.2733812949640288
859,0.391,0.30148619957537154,0.46934772427177257,0.565,0.604,0.6798029556650246,0.29850746268656714
860,0.389,0.2526539278131635,0.47862158641897895,0.543,0.594,0.6563011456628478,0.2074074074074074
861,0.382,0.27765726681127983,0.4982282481471676,0.558,0.609,0.6537216828478964,0.20967741935483872
862,0.382,0.26881720430107525,0.4987596518911945,0.555,0.616,0.6488673139158576,0.2366412213740458
863,0.367,0.27191011235955054,0.49782949650005415,0.567,0.6,0.6492890995260664,0.2682926829268293
864,0.368,0.28703703703703703,0.47337154200911097,0.57,0.587,0.6629746835443038,0.29245283018867924
865,0.353,0.29646017699115046,0.47842265274581575,0.569,0.59,0.6630602782071098,0.31851851851851853
866,0.375,0.32532751091703055,0.47064271282356457,0.594,0.616,0.6656,0.25190839694656486
867,0.392,0.31049250535331907,0.47714478911991787,0.581,0.621,0.6743421052631579,0.3235294117647059
868,0.371,0.2952586206896552,0.4817704390217947,0.567,0.597,0.6661367249602543,0.3023255813953488
869,0.365,0.30718954248366015,0.4783850793971362,0.584,0.591,0.6614173228346457,0.24806201550387597
870,0.342,0.2987012987012987,0.4728411259253253,0.575,0.613,0.6565349544072948,0.2550335570469799
871,0.36,0.3093681917211329,0.4767775826958866,0.572,0.611,0.6390625,0.2582781456953642
872,0.358,0.2968036529680365,0.47374405318745755,0.59,0.6,0.6884735202492211,0.272
873,0.339,0.24379232505643342,0.48555808221032914,0.548,0.57,0.6414523449319214,0.21897810218978103
874,0.362,0.2591743119266055,0.4839499731760317,0.558,0.567,0.6489028213166145,0.20161290322580644
875,0.351,0.27640449438202247,0.47986255290241486,0.544,0.564,0.6224961479198767,0.2677165354330709
876,0.365,0.2423580786026201,0.4650911277590243,0.532,0.544,0.6267716535433071,0.26277372262773724
877,0.368,0.24833702882483372,0.45594272518238227,0.555,0.557,0.6645569620253164,0.2537313432835821
878,0.357,0.27427184466019416,0.4633549731565663,0.589,0.594,0.6936236391912908,0.30097087378640774
879,0.359,0.2947103274559194,0.46487701163723616,0.604,0.56,0.6989079563182528,0.22093023255813954
880,0.369,0.2980769230769231,0.47066748563367944,0.589,0.529,0.6814580031695721,0.24175824175824176
881,0.377,0.28958333333333336,0.462661169365507,0.557,0.558,0.6468699839486356,0.2932330827067669
882,0.356,0.275626423690205,0.455329230591188,0.562,0.57,0.6506211180124224,0.2564102564102564
883,0.345,0.2737306843267108,0.45587828924202994,0.551,0.582,0.6366412213740458,0.2932330827067669
884,0.341,0.24361948955916474,0.4681473362055212,0.562,0.562,0.6509863429438544,0.2706766917293233
885,0.395,0.25,0.4668185652829672,0.55,0.552,0.6628099173553719,0.24
886,0.344,0.2682926829268293,0.4592022626269776,0.573,0.539,0.6463414634146342,0.2631578947368421
887,0.356,0.28153153153153154,0.4616865999879906,0.583,0.553,0.6661490683229814,0.24087591240875914
888,0.384,0.29067245119305857,0.4686435640243069,0.577,0.541,0.663961038961039,0.2517985611510791
889,0.349,0.2725274725274725,0.47214634563436947,0.536,0.544,0.6052227342549923,0.24817518248175183
890,0.379,0.2560706401766004,0.4643479899069316,0.533,0.523,0.6312399355877617,0.2283464566929134
891,0.359,0.28354978354978355,0.45906037051273835,0.556,0.518,0.6333853354134166,0.22448979591836735
892,0.35,0.26376146788990823,0.46801221505692553,0.563,0.495,0.6630769230769231,0.2391304347826087
893,0.372,0.21694214876033058,0.47749051927171343,0.52,0.518,0.6050955414012739,0.15853658536585366
894,0.367,0.24210526315789474,0.4958092428729467,0.516,0.511,0.6034755134281201,0.20261437908496732
895,0.355,0.2841163310961969,0.49552934987155617,0.555,0.515,0.6465116279069767,0.21052631578947367
896,0.357,0.2832980972515856,0.5018406196598407,0.551,0.528,0.6329704510108864,0.26627218934911245
897,0.365,0.24203821656050956,0.5119569022590595,0.525,0.566,0.6078740157480315,0.25625
898,0.354,0.27555555555555555,0.5213201376547559,0.555,0.572,0.6393188854489165,0.24113475177304963
899,0.364,0.2625570776255708,0.505431743269109,0.577,0.572,0.6666666666666666,0.18181818181818182
900,0.349,0.27546296296296297,0.5194172148119799,0.574,0.58,0.6559139784946236,0.23484848484848486
901,0.355,0.2847058823529412,0.5283622639765443,0.571,0.563,0.6465116279069767,0.25190839694656486
902,0.367,0.3130630630630631,0.5220124193847901,0.568,0.573,0.655608214849921,0.3161764705882353
903,0.354,0.3167420814479638,0.5194179254484211,0.574,0.583,0.6640866873065016,0.29285714285714287
904,0.376,0.28820960698689957,0.5175243816114724,0.547,0.592,0.6298076923076923,0.24503311258278146
905,0.384,0.30837004405286345,0.4904098894196528,0.565,0.597,0.6525974025974026,0.3111111111111111
906,0.359,0.2945054945054945,0.49580214081952734,0.563,0.595,0.6365054602184087,0.2676056338028169
907,0.323,0.2857142857142857,0.4963117143206573,0.572,0.609,0.6425406203840472,0.24822695035460993
908,0.364,0.26373626373626374,0.4968881752569311,0.563,0.601,0.6729559748427673,0.2748091603053435
909,0.389,0.32688172043010755,0.509467691290654,0.589,0.603,0.6841243862520459,0.3333333333333333
910,0.345,0.33712984054669703,0.523667169377115,0.593,0.605,0.650381679389313,0.29464285714285715
911,0.372,0.31712962962962965,0.5237354690562902,0.582,0.596,0.6671974522292994,0.3277310924369748
912,0.366,0.3502202643171806,0.5227268023624883,0.592,0.608,0.668769716088328,0.29133858267716534
913,0.385,0.3403805496828753,0.5218822288251301,0.567,0.598,0.6373983739837399,0.36231884057971014
914,0.356,0.31359649122807015,0.5149945539157372,0.566,0.594,0.6350931677018633,0.32558139534883723
915,0.354,0.2951945080091533,0.5005779203638852,0.591,0.625,0.6780185758513931,0.24444444444444444
916,0.333,0.29638009049773756,0.5068815741963639,0.575,0.606,0.6521739130434783,0.24050632911392406
917,0.354,0.27149321266968324,0.5058310001970489,0.536,0.596,0.6145510835913313,0.24817518248175183
918,0.353,0.2828054298642534,0.5076226794684864,0.561,0.626,0.6414219474497682,0.22556390977443608
919,0.349,0.2988505747126437,0.5102362695295551,0.578,0.609,0.6605222734254992,0.23846153846153847
920,0.355,0.2984054669703872,0.49386683146424865,0.567,0.599,0.6449612403100775,0.21487603305785125
921,0.347,0.31017369727047145,0.5172178999605799,0.604,0.604,0.6860643185298622,0.19387755102040816
922,0.316,0.3341121495327103,0.5134496458314859,0.589,0.621,0.6505847953216374,0.2713178294573643
923,0.35,0.34782608695652173,0.5089799185006505,0.59,0.617,0.6630769230769231,0.2545454545454545
924,0.404,0.35181236673773986,0.49564476058435925,0.573,0.609,0.6577181208053692,0.3014705882352941
925,0.373,0.3452631578947368,0.4828930898310877,0.575,0.583,0.6618819776714514,0.273972602739726
926,0.387,0.32786885245901637,0.4770386309936513,0.564,0.583,0.6394779771615008,0.25806451612903225
927,0.39,0.3298538622129436,0.4955814629221857,0.581,0.6,0.6786885245901639,0.3125
928,0.363,0.27292110874200426,0.5007454030871449,0.56,0.573,0.6593406593406593,0.26573426573426573
929,0.345,0.275626423690205,0.48210653542151255,0.58,0.581,0.667175572519084,0.25384615384615383
930,0.343,0.2997711670480549,0.4812195910355795,0.587,0.587,0.6636225266362252,0.2184873949579832
931,0.338,0.28216704288939054,0.4645642278257559,0.578,0.586,0.6586102719033232,0.171875
932,0.342,0.3210412147505423,0.48550331806387703,0.592,0.583,0.668693009118541,0.2789115646258503
933,0.355,0.3051948051948052,0.4942911273903576,0.579,0.582,0.6604651162790698,0.2905405405405405
934,0.362,0.3325942350332594,0.48227314414011674,0.585,0.59,0.6551724137931034,0.29411764705882354
935,0.369,0.2878787878787879,0.4926475533039411,0.57,0.576,0.6735340729001584,0.25925925925925924
936,0.364,0.2727272727272727,0.4909034463033114,0.554,0.598,0.6415094339622641,0.2605633802816901
937,0.386,0.2753303964757709,0.4902625790049216,0.563,0.605,0.6758957654723127,0.23770491803278687
938,0.341,0.325635103926097,0.4692013760140525,0.601,0.595,0.6722306525037937,0.3089430894308943
939,0.363,0.2926267281105991,0.4783864611087613,0.583,0.584,0.6718995290423861,0.2894736842105263
940,0.408,0.2987012987012987,0.48371213209458835,0.572,0.558,0.6722972972972973,0.2932330827067669
941,0.355,0.25669642857142855,0.4961830424483502,0.56,0.539,0.6542635658914728,0.2222222222222222
942,0.365,0.2526997840172786,0.5009465948244608,0.525,0.531,0.6110236220472441,0.25396825396825395
943,0.378,0.2525879917184265,0.5001656325031409,0.521,0.541,0.6012861736334405,0.22297297297297297
944,0.391,0.2676056338028169,0.4808562666518651,0.516,0.564,0.5993431855500821,0.24050632911392406
945,0.382,0.2543103448275862,0.4701891066564388,0.539,0.596,0.6407766990291263,0.2413793103448276
946,0.407,0.2495164410058027,0.47411641126850307,0.495,0.59,0.581787521079258,0.26973684210526316
947,0.349,0.28227571115973743,0.4729127620329898,0.572,0.604,0.6774193548387096,0.28346456692913385
948,0.382,0.3146997929606625,0.46961381812585046,0.564,0.604,0.6537216828478964,0.2536231884057971
949,0.364,0.2841163310961969,0.4716267718014024,0.568,0.561,0.6823899371069182,0.2727272727272727
950,0.365,0.29912663755458513,0.46432177639808353,0.573,0.552,0.662992125984252,0.29914529914529914
951,0.382,0.30217391304347824,0.46965775325072406,0.57,0.581,0.6553398058252428,0.29365079365079366
952,0.362,0.3076923076923077,0.49027776590173283,0.559,0.579,0.6394984326018809,0.2677165354330709
953,0.373,0.28421052631578947,0.4983208216046065,0.545,0.61,0.6188197767145136,0.2222222222222222
954,0.353,0.29398663697104677,0.4980476009682158,0.548,0.608,0.6383307573415765,0.2727272727272727
955,0.353,0.27699530516431925,0.4920924110179884,0.566,0.598,0.652241112828439,0.24528301886792453
956,0.306,0.28078817733990147,0.49756164304391154,0.597,0.605,0.6844380403458213,0.304
957,0.323,0.3016627078384798,0.5067489972525444,0.588,0.613,0.6661742983751846,0.26618705035971224
958,0.354,0.2825112107623318,0.5040181702007924,0.565,0.611,0.6486068111455109,0.2887323943661972
959,0.34,0.3441108545034642,0.5048995605586517,0.597,0.573,0.6666666666666666,0.375
960,0.319,0.3135802469135803,0.49780582676285556,0.599,0.573,0.6637298091042585,0.328125
961,0.355,0.28028503562945367,0.5026184581795223,0.557,0.572,0.6325581395348837,0.26356589147286824
962,0.36,0.2680652680652681,0.5114381212084438,0.567,0.577,0.6671875,0.2440944881889764
963,0.327,0.26405867970660146,0.5087298960638441,0.571,0.586,0.6716196136701337,0.2773109243697479
964,0.335,0.2624113475177305,0.493937200487324,0.569,0.615,0.649624060150376,0.2571428571428571
965,0.342,0.2691415313225058,0.4858342193519851,0.58,0.605,0.6854103343465046,0.2536231884057971
966,0.339,0.2731829573934837,0.4925008204422828,0.598,0.566,0.6883509833585476,0.22807017543859648
967,0.341,0.3112745098039216,0.522762663471502,0.586,0.566,0.6646433990895296,0.35
968,0.373,0.31263858093126384,0.5267899994505302,0.561,0.557,0.6299840510366826,0.2925170068027211
969,0.311,0.2988235294117647,0.5335332352796028,0.568,0.558,0.6516690856313497,0.3262411347517731
970,0.302,0.29055690072639223,0.5279362650503583,0.584,0.579,0.663323782234957,0.291044776119403
971,0.298,0.26713947990543735,0.5234148565494222,0.559,0.589,0.6381766381766382,0.2679738562091503
972,0.303,0.3253333333333333,0.517673167657467,0.62,0.564,0.697274031563845,0.3076923076923077
973,0.32,0.27466666666666667,0.5015266797369369,0.601,0.59,0.6911764705882353,0.2222222222222222
974,0.332,0.2835820895522388,0.4929909688436984,0.585,0.571,0.6526946107784432,0.2608695652173913
975,0.295,0.26014319809069214,0.49562533802104974,0.554,0.572,0.6198581560283688,0.2867132867132867
976,0.352,0.2899543378995434,0.4898630648326872,0.582,0.592,0.6867283950617284,0.34265734265734266
977,0.339,0.3389423076923077,0.48767111385388534,0.607,0.598,0.6732223903177005,0.36585365853658536
978,0.348,0.2909930715935335,0.4971725248183234,0.573,0.573,0.6656441717791411,0.27906976744186046
979,0.333,0.28289473684210525,0.49407197019392435,0.544,0.561,0.6056971514242878,0.2582781456953642
980,0.361,0.3047404063205418,0.4829156593550216,0.564,0.583,0.6494522691705791,0.3235294117647059
981,0.367,0.317351598173516,0.4949677126563396,0.578,0.6,0.674565560821485,0.33613445378151263
982,0.379,0.31601731601731603,0.5027224076606496,0.567,0.602,0.644122383252818,0.2824427480916031
983,0.357,0.2723112128146453,0.5049850181212326,0.554,0.576,0.6298600311041991,0.3
984,0.365,0.2896551724137931,0.49789641782172916,0.557,0.557,0.6283464566929133,0.2807017543859649
985,0.333,0.29782082324455206,0.4937620498191956,0.575,0.572,0.6416791604197901,0.2578125
986,0.354,0.2844638949671772,0.4854079654992141,0.547,0.583,0.6052631578947368,0.2534246575342466
987,0.363,0.2891304347826087,0.48781979491375294,0.568,0.605,0.6593406593406593,0.2348993288590604
988,0.369,0.2647058823529412,0.49392693872514964,0.567,0.629,0.6767036450079239,0.2773109243697479
989,0.354,0.2648401826484018,0.49586114118492913,0.577,0.568,0.6764705882352942,0.2971014492753623
990,0.338,0.2896551724137931,0.48024400086114183,0.585,0.576,0.6676737160120846,0.296875
991,0.34,0.2978723404255319,0.48269518364718705,0.584,0.59,0.6621212121212121,0.2815533980582524
992,0.311,0.2921615201900237,0.48769129858681154,0.575,0.604,0.6415094339622641,0.2733812949640288
993,0.355,0.27710843373493976,0.4819364217694513,0.57,0.608,0.6697674418604651,0.2830188679245283
994,0.343,0.28169014084507044,0.4787497972603824,0.567,0.613,0.6407914764079148,0.2748091603053435
995,0.351,0.28832951945080093,0.47009572696691193,0.58,0.6,0.6548536209553159,0.23255813953488372
996,0.361,0.30385487528344673,0.4783953436046437,0.577,0.603,0.647887323943662,0.288
997,0.382,0.25386313465783666,0.4722652323746309,0.547,0.585,0.6375404530744336,0.26119402985074625
998,0.369,0.26881720430107525,0.46801877801654324,0.554,0.583,0.6117274167987322,0.23225806451612904
999,0.335,0.2517321016166282,0.4605176637337571,0.576,0.602,0.6721804511278195,0.19402985074626866
